Date,HadCET min,HadCET mean,HadCET max,Load Values England and Wales (MW),London min forecast,London mean  forecast,London max  forecast,Bristol min  forecast,Bristol mean  forecast,Bristol max forecast,Leeds min  forecast,Leeds mean forecast,Leeds max forecast
1/1/2017,4.4,5.2,6,27079.97917,,,,,,,,,
1/2/2017,-0.6,2,4.6,29568.08333,,,,,,,,,
1/3/2017,-1.2,2.7,6.6,34100.54167,,,,,,,,,
1/4/2017,2.2,4.9,7.6,34647.02083,,,,,,,,,
1/5/2017,-3.2,1.2,5.6,36120.77083,,,,,,,,,
1/6/2017,-3.2,2.5,8.2,35610.45833,,,,,,,,,
1/7/2017,2.2,5.9,9.6,31626.25,,,,,,,,,
1/8/2017,6.6,8.1,9.6,30309.66667,,,,,,,,,
1/9/2017,6.8,7.7,8.6,33324.625,,,,,,,,,
1/10/2017,3.9,7.3,10.6,34039.04167,,,,,,,,,
1/11/2017,6,7.5,9.1,32682.79167,,,,,,,,,
1/12/2017,3.2,3.9,4.7,35262.75,,,,,,,,,
1/13/2017,0,2.5,5,34623.9375,,,,,,,,,
1/14/2017,-0.6,2.7,6,31961.1875,,,,,,,,,
1/15/2017,1.6,5.3,9,31350.625,,,,,,,,,
1/16/2017,5,6.4,7.8,35477.8125,,,,,,,,,
1/17/2017,3.3,4.6,6,35871.97917,,,,,,,,,
1/18/2017,2.1,4.2,6.4,36255.89583,,,,,,,,,
1/19/2017,2.4,4.5,6.6,36207.58333,,,,,,,,,
1/20/2017,-0.2,3.2,6.7,35215.66667,,,,,,,,,
1/21/2017,-1.5,1.1,3.6,32867.66667,,,,,,,,,
1/22/2017,-3.1,0.6,4.4,32463.89583,,,,,,,,,
1/23/2017,-2.4,1.3,4.9,36784.16667,,,,,,,,,
1/24/2017,-1.8,3.4,8.6,35951.5,,,,,,,,,
1/25/2017,-0.4,2.6,5.6,36131.04167,,,,,,,,,
1/26/2017,-1.1,-0.1,1,37274.10417,,,,,,,,,
1/27/2017,-3.2,1.7,6.6,36871.60417,,,,,,,,,
1/28/2017,-1,3.5,7.9,31496.3125,,,,,,,,,
1/29/2017,1.1,4,7,31548.22917,,,,,,,,,
1/30/2017,2,4.7,7.4,35173.04167,,,,,,,,,
1/31/2017,4.6,7.4,10.2,35037.9375,,,,,,,,,
2/1/2017,5.5,8.4,11.3,33851.16667,,,,,,,,,
2/2/2017,7.9,9.7,11.5,32107.3125,,,,,,,,,
2/3/2017,5.7,7.7,9.6,32066.04167,,,,,,,,,
2/4/2017,1.3,5,8.7,30181.52083,,,,,,,,,
2/5/2017,1.1,3,4.9,30802.77083,,,,,,,,,
2/6/2017,-2,2.1,6.1,35176.35417,,,,,,,,,
2/7/2017,-0.6,4.9,10.4,34280.375,,,,,,,,,
2/8/2017,1.6,3.2,4.8,35735,,,,,,,,,
2/9/2017,0.7,1.2,1.8,36541.83333,,,,,,,,,
2/10/2017,0.4,1.6,2.9,36374.75,,,,,,,,,
2/11/2017,0.3,1.6,2.8,33108.25,,,,,,,,,
2/12/2017,0.7,2.4,4.1,31237.77083,,,,,,,,,
2/13/2017,1.5,5.5,9.5,32830.54167,,,,,,,,,
2/14/2017,1.9,5.5,9.2,34499.25,,,,,,,,,
2/15/2017,2.9,6.9,10.9,33830.54167,,,,,,,,,
2/16/2017,5.3,7.9,10.5,32243.91667,,,,,,,,,
2/17/2017,6.3,8.9,11.4,32407.85417,,,,,,,,,
2/18/2017,5.2,7.5,9.9,28491.29167,,,,,,,,,
2/19/2017,5.2,8.2,11.2,27863.41667,,,,,,,,,
2/20/2017,7.3,10.7,14.1,30294.97917,,,,,,,,,
2/21/2017,7.5,9.9,12.2,31025.97917,,,,,,,,,
2/22/2017,8.1,10,11.8,30725.02083,,,,,,,,,
2/23/2017,7.4,8.1,8.8,30917.58333,,,,,,,,,
2/24/2017,1.8,5.3,8.9,31515.95833,,,,,,,,,
2/25/2017,3.4,6.6,9.7,28260.89583,,,,,,,,,
2/26/2017,6.9,8.8,10.8,26955.39583,,,,,,,,,
2/27/2017,5.4,6.7,7.9,32410.41667,,,,,,,,,
2/28/2017,0.2,3.4,6.6,33020.41667,,,,,,,,,
3/1/2017,1.3,4.8,8.3,33085.375,,,,,,,,,
3/2/2017,3.6,6.8,9.9,31010.72917,,,,,,,,,
3/3/2017,4.5,7,9.4,32958.66667,,,,,,,,,
3/4/2017,5,8,11.1,28116.85417,,,,,,,,,
3/5/2017,3.9,6.5,9.2,27967.14583,,,,,,,,,
3/6/2017,1.6,5.8,9.9,31961.14583,,,,,,,,,
3/7/2017,2.2,6.3,10.4,32124.10417,,,,,,,,,
3/8/2017,4.8,8.5,12.2,31433.14583,,,,,,,,,
3/9/2017,6.4,9.8,13.1,29628.95833,,,,,,,,,
3/10/2017,5,8.6,12.2,31094.79167,,,,,,,,,
3/11/2017,7.8,10.9,14,27552.625,,,,,,,,,
3/12/2017,8.5,10.4,12.2,26895.08333,,,,,,,,,
3/13/2017,3.7,8.4,13.1,29511.6875,,,,,,,,,
3/14/2017,5.9,10.1,14.4,29782.35417,,,,,,,,,
3/15/2017,3.7,9.5,15.2,29390.72917,,,,,,,,,
3/16/2017,5.7,8.2,10.6,30033.52083,,,,,,,,,
3/17/2017,2.7,7.3,11.8,28919.47917,,,,,,,,,
3/18/2017,6,9.7,13.4,26109.25,,,,,,,,,
3/19/2017,9.5,11.5,13.5,24717.8125,,,,,,,,,
3/20/2017,9.3,10.1,10.9,29394.04167,,,,,,,,,
3/21/2017,2.6,6.2,9.8,28978.79167,,,,,,,,,
3/22/2017,3.2,5.8,8.4,31817.125,,,,,,,,,
3/23/2017,2.3,7,11.7,30312.4375,,,,,,,,,
3/24/2017,3.9,8.4,12.8,29546.04167,,,,,,,,,
3/25/2017,0.5,7.9,15.3,25205.89583,,,,,,,,,
3/26/2017,3.5,9.3,15,23723.10417,,,,,,,,,
3/27/2017,4,8,12,29428.29167,,,,,,,,,
3/28/2017,3.7,9.5,15.4,29652,,,,,,,,,
3/29/2017,6.3,10.2,14.1,29557.5625,,,,,,,,,
3/30/2017,11,15.1,19.2,27557.22917,,,,,,,,,
3/31/2017,10.7,13.4,16.1,26734.9375,,,,,,,,,
4/1/2017,7.6,11.1,14.7,24930.58333,,,,,,,,,
4/2/2017,3.9,9.1,14.2,24051.60417,,,,,,,,,
4/3/2017,3.1,9.4,15.7,27301.58333,,,,,,,,,
4/4/2017,8.3,10.7,13.2,28821.72917,,,,,,,,,
4/5/2017,3.4,7.9,12.4,27827.54167,,,,,,,,,
4/6/2017,2.6,7.9,13.3,27785.04167,,,,,,,,,
4/7/2017,3.5,8,12.6,27354.08333,,,,,,,,,
4/8/2017,1.6,10.6,19.5,23162.16667,,,,,,,,,
4/9/2017,6,13.7,21.4,21322.125,,,,,,,,,
4/10/2017,5.6,8.9,12.2,26409.22917,,,,,,,,,
4/11/2017,3.8,8.7,13.5,26247.91667,,,,,,,,,
4/12/2017,6.3,10,13.7,26601.35417,,,,,,,,,
4/13/2017,4.1,8,11.8,27397.89583,,,,,,,,,
4/14/2017,6,9.6,13.3,24704.5625,,,,,,,,,
4/15/2017,7.1,9.5,12,22127.41667,,,,,,,,,
4/16/2017,5.1,8.8,12.4,22527.95833,,,,,,,,,
4/17/2017,5.7,8.2,10.7,24171.77083,,,,,,,,,
4/18/2017,1.4,6.5,11.7,26464.125,,,,,,,,,
4/19/2017,2.9,7.9,12.8,27456.4375,,,,,,,,,
4/20/2017,6,10,14,28274.39583,,,,,,,,,
4/21/2017,6.9,10.2,13.5,27545.8125,,,,,,,,,
4/22/2017,5.7,10,14.3,23735.20833,,,,,,,,,
4/23/2017,2.9,8.5,14,22982.22917,,,,,,,,,
4/24/2017,4.5,8.3,12.1,27439.64583,,,,,,,,,
4/25/2017,-0.7,4.5,9.7,27763.10417,,,,,,,,,
4/26/2017,0.2,5,9.9,28796.3125,,,,,,,,,
4/27/2017,-0.2,5.5,11.2,29704.3125,,,,,,,,,
4/28/2017,5.1,8.8,12.5,28594.6875,,,,,,,,,
4/29/2017,4,8.8,13.6,24341.70833,,,,,,,,,
4/30/2017,7.9,11.8,15.7,22149.875,,,,,,,,,
5/1/2017,8.2,11.5,14.7,24096.75,,,,,,,,,
5/2/2017,5.3,11,16.8,27255.77083,,,,,,,,,
5/3/2017,4.4,8.9,13.3,27338.83333,,,,,,,,,
5/4/2017,7.8,11.8,15.8,26124.1875,,,,,,,,,
5/5/2017,5.2,10.5,15.9,24995.5625,,,,,,,,,
5/6/2017,6.8,10.1,13.5,24207.64583,,,,,,,,,
5/7/2017,5.9,11.8,17.8,22792.5625,,,,,,,,,
5/8/2017,3.9,8.3,12.7,26693.72917,,,,,,,,,
5/9/2017,5.8,9.3,12.7,27852.5625,,,,,,,,,
5/10/2017,0.6,8.8,17,26235.97917,,,,,,,,,
5/11/2017,4.8,12.4,20.1,26504.47917,,,,,,,,,
5/12/2017,9.5,12.8,16.1,27290.97917,,,,,,,,,
5/13/2017,10.2,13.8,17.3,22290.95833,,,,,,,,,
5/14/2017,9.8,13.9,18,21306.375,,,,,,,,,
5/15/2017,7.9,12.7,17.5,26727.125,,,,,,,,,
5/16/2017,12.2,15.8,19.4,26811.52083,,,,,,,,,
5/17/2017,12.3,13.4,14.5,28730.1875,,,,,,,,,
5/18/2017,6.5,11.4,16.3,26898.33333,,,,,,,,,
5/19/2017,7.8,11.6,15.5,26731.20833,,,,,,,,,
5/20/2017,5.6,10.3,15,22829.89583,,,,,,,,,
5/21/2017,8.2,13.3,18.5,21446.3125,,,,,,,,,
5/22/2017,9.6,16.1,22.6,24969.45833,,,,,,,,,
5/23/2017,10.9,15.4,19.9,26474.45833,,,,,,,,,
5/24/2017,11.1,17.1,23.1,25910.375,,,,,,,,,
5/25/2017,11,18.3,25.6,25370.14583,,,,,,,,,
5/26/2017,11.8,18.7,25.5,23814.95833,,,,,,,,,
5/27/2017,13.6,18.6,23.7,21319.9375,,,,,,,,,
5/28/2017,11.6,16,20.5,20741.95833,,,,,,,,,
5/29/2017,13.1,15.2,17.3,23273.41667,,,,,,,,,
5/30/2017,12,15.3,18.5,25038.5,,,,,,,,,
5/31/2017,9.5,15.5,21.5,25251.875,,,,,,,,,
6/1/2017,12.2,17.3,22.3,24309.75,,,,,,,,,
6/2/2017,12,15.7,19.4,25601.02083,,,,,,,,,
6/3/2017,10.2,14.5,18.9,20900.75,,,,,,,,,
6/4/2017,8.2,12.7,17.2,20528.70833,,,,,,,,,
6/5/2017,9.1,12.3,15.5,25116.875,,,,,,,,,
6/6/2017,9.3,12.1,14.9,24994.14583,,,,,,,,,
6/7/2017,9.7,13.6,17.5,24060.33333,,,,,,,,,
6/8/2017,10.9,14.4,17.9,25383.97917,,,,,,,,,
6/9/2017,10.6,14.8,19,24431.5,,,,,,,,,
6/10/2017,11.9,16.1,20.3,21523.27083,,,,,,,,,
6/11/2017,13.3,16.4,19.5,19583.47917,,,,,,,,,
6/12/2017,11.7,14.7,17.6,24194.8125,,,,,,,,,
6/13/2017,9.8,15.1,20.4,25670.375,,,,,,,,,
6/14/2017,10,17.2,24.3,25095.25,,,,,,,,,
6/15/2017,11.2,15.9,20.5,23990.33333,,,,,,,,,
6/16/2017,11.1,16.2,21.3,24137.625,,,,,,,,,
6/17/2017,13.5,20,26.6,21430.89583,,,,,,,,,
6/18/2017,12.5,20.2,27.9,21141.625,,,,,,,,,
6/19/2017,14.6,21.9,29.1,25981.95833,,,,,,,,,
6/20/2017,15.3,20.8,26.3,26182.66667,,,,,,,,,
6/21/2017,13.7,21.7,29.8,26231.47917,,,,,,,,,
6/22/2017,15.8,18,20.3,26233.41667,,,,,,,,,
6/23/2017,11.2,15.3,19.3,24434.14583,,,,,,,,,
6/24/2017,14.4,17.7,21,21563.22917,,,,,,,,,
6/25/2017,12.4,15.9,19.4,20974.3125,,,,,,,,,
6/26/2017,8.1,14.5,20.8,24799.10417,,,,,,,,,
6/27/2017,12.5,15.4,18.4,26553.375,,,,,,,,,
6/28/2017,12.3,13.1,13.8,26644.70833,,,,,,,,,
6/29/2017,9.9,13.1,16.3,26680.3125,,,,,,,,,
6/30/2017,10.1,14.6,19.1,25687,,,,,,,,,
7/1/2017,12.7,16.6,20.6,21277.72917,,,,,,,,,
7/2/2017,11.6,16.2,20.8,19930.79167,,,,,,,,,
7/3/2017,12.3,16.9,21.4,24857.54167,,,,,,,,,
7/4/2017,11.2,16.1,21,26088.625,,,,,,,,,
7/5/2017,10.8,17.9,25.1,25548,,,,,,,,,
7/6/2017,14.1,21,27.9,26146.39583,,,,,,,,,
7/7/2017,14,18.9,23.8,25746.6875,,,,,,,,,
7/8/2017,12.7,17.5,22.2,21861.9375,,,,,,,,,
7/9/2017,13.7,18.8,24,21467.54167,,,,,,,,,
7/10/2017,12.8,17.2,21.6,25829.72917,,,,,,,,,
7/11/2017,11.4,14.5,17.6,27147.1875,,,,,,,,,
7/12/2017,11.3,15.8,20.3,25082.5,,,,,,,,,
7/13/2017,11.8,16.8,21.7,25107.3125,,,,,,,,,
7/14/2017,12.7,15.7,18.7,24201.58333,,,,,,,,,
7/15/2017,12.6,16.7,20.9,22238.77083,,,,,,,,,
7/16/2017,15,18.6,22.2,21854.14583,,,,,,,,,
7/17/2017,9.6,16.9,24.2,24555.79167,,,,,,,,,
7/18/2017,13.1,19.3,25.5,25106.875,,,,,,,,,
7/19/2017,15.4,18.8,22.2,26684.25,,,,,,,,,
7/20/2017,12.9,15.9,18.9,25079.29167,,,,,,,,,
7/21/2017,11.3,15.9,20.4,24580.89583,,,,,,,,,
7/22/2017,11.1,14.9,18.7,22202.125,,,,,,,,,
7/23/2017,10.4,15.1,19.8,21474.85417,,,,,,,,,
7/24/2017,13.1,16.5,19.9,24304.1875,,,,,,,,,
7/25/2017,11,16.6,22.2,24945.6875,,,,,,,,,
7/26/2017,13.4,16.8,20.2,25192.4375,,,,,,,,,
7/27/2017,11.5,15.3,19.2,24231.97917,,,,,,,,,
7/28/2017,11.7,15.6,19.4,23846.4375,,,,,,,,,
7/29/2017,12.6,15.7,18.8,21906.39583,,,,,,,,,
7/30/2017,11.9,15.7,19.4,20270.10417,,,,,,,,,
7/31/2017,11.6,15.7,19.8,23402.85417,,,,,,,,,
8/1/2017,10.8,15.7,20.5,23918.5625,,,,,,,,,
8/2/2017,13,16.3,19.5,24914.02083,,,,,,,,,
8/3/2017,13.9,16.9,19.8,23226.60417,,,,,,,,,
8/4/2017,13.4,16.6,19.8,23025.83333,,,,,,,,,
8/5/2017,10.6,14.6,18.5,20907.9375,,,,,,,,,
8/6/2017,9.2,14.3,19.4,20125.3125,,,,,,,,,
8/7/2017,12.2,15.8,19.3,24786.4375,,,,,,,,,
8/8/2017,11.1,13.7,16.3,25696.5,,,,,,,,,
8/9/2017,11.4,14.4,17.4,25120.08333,,,,,,,,,
8/10/2017,8.3,13.8,19.3,24503.5,,,,,,,,,
8/11/2017,7.7,13.1,18.5,24281.64583,,,,,,,,,
8/12/2017,14.2,17.1,19.9,21504.4375,,,,,,,,,
8/13/2017,7.6,14.2,20.7,20631.3125,,,,,,,,,
8/14/2017,10,15.3,20.7,25038.27083,,,,,,,,,
8/15/2017,13.2,17.2,21.2,24431.41667,,,,,,,,,
8/16/2017,9,14.9,20.8,24558.375,,,,,,,,,
8/17/2017,14,18.2,22.3,24775.22917,,,,,,,,,
8/18/2017,12.8,15.5,18.2,23429.25,,,,,,,,,
8/19/2017,11,14.6,18.3,20346.20833,,,,,,,,,
8/20/2017,9.5,14.3,19.2,21538.1875,,,,,,,,,
8/21/2017,11.9,15.4,18.8,26197.0625,,,,,,,,,
8/22/2017,14.5,18.4,22.3,26335.22917,,,,,,,,,
8/23/2017,15.3,18.1,20.9,25951.33333,,,,,,,,,
8/24/2017,11.1,15.2,19.2,25162.60417,,,,,,,,,
8/25/2017,9.9,15.5,21.2,24614.89583,,,,,,,,,
8/26/2017,11.9,16.6,21.4,21869.29167,,,,,,,,,
8/27/2017,11.3,17.6,23.8,20456.8125,,,,,,,,,
8/28/2017,12.4,18.5,24.6,21068.6875,,,,,,,,,
8/29/2017,12.9,16.3,19.8,25930.52083,,,,,,,,,
8/30/2017,10.6,13.3,15.9,26331.83333,,,,,,,,,
8/31/2017,6.6,12.6,18.6,25604.10417,,,,,,,,,
9/1/2017,7.1,13.2,19.3,24557.1875,,,,,,,,,
9/2/2017,7,13.3,19.5,21774.10417,,,,,,,,,
9/3/2017,9.6,13.2,16.7,22216.89583,,,,,,,,,
9/4/2017,12.9,17.1,21.3,26774.3125,,,,,,,,,
9/5/2017,14.8,17,19.3,26861.91667,,,,,,,,,
9/6/2017,9.9,13.6,17.2,25697.47917,,,,,,,,,
9/7/2017,9.9,13.8,17.6,26170.58333,,,,,,,,,
9/8/2017,13,15.1,17.1,25591.75,,,,,,,,,
9/9/2017,9.5,13.2,16.9,22587.89583,,,,,,,,,
9/10/2017,7.6,11.6,15.6,22111,,,,,,,,,
9/11/2017,9.8,13.5,17.1,24688.14583,,,,,,,,,
9/12/2017,9.7,13.3,16.8,25222.875,,,,,,,,,
9/13/2017,10.3,13.2,16,24899.83333,,,,,,,,,
9/14/2017,7.4,11.7,16.1,26028.8125,,,,,,,,,
9/15/2017,6.8,11.1,15.3,26580.14583,,,,,,,,,
9/16/2017,6.9,10.7,14.5,24058.1875,,,,,,,,,
9/17/2017,6.9,11.8,16.8,23635.47917,,,,,,,,,
9/18/2017,8.7,12,15.2,27365.3125,,,,,,,,,
9/19/2017,5.3,10.5,15.8,27422.91667,,,,,,,,,
9/20/2017,7.5,12.9,18.3,27335.25,,,,,,,,,
9/21/2017,12.7,14.2,15.8,27589.1875,,,,,,,,,
9/22/2017,4.8,10.7,16.5,26454.16667,,,,,,,,,
9/23/2017,11.5,15.1,18.6,23782.89583,,,,,,,,,
9/24/2017,10.4,15.5,20.5,23263.97917,,,,,,,,,
9/25/2017,13.4,15.4,17.4,28354.27083,,,,,,,,,
9/26/2017,11.7,15.2,18.7,28073.14583,,,,,,,,,
9/27/2017,12.1,15.2,18.2,27662.10417,,,,,,,,,
9/28/2017,12.9,15.8,18.8,27278.72917,,,,,,,,,
9/29/2017,12.2,14.6,17,27062.25,,,,,,,,,
9/30/2017,9.2,12.7,16.2,24500.22917,,,,,,,,,
10/1/2017,11.5,14.4,17.3,23494.77083,,,,,,,,,
10/2/2017,12.3,13.8,15.3,25783.45833,,,,,,,,,
10/3/2017,8.1,11.4,14.6,26889.1875,,,,,,,,,
10/4/2017,8.3,11.7,15.2,27591.02083,,,,,,,,,
10/5/2017,10.6,13,15.4,26184.22917,,,,,,,,,
10/6/2017,5.6,10,14.5,27088.5625,,,,,,,,,
10/7/2017,9.1,12.4,15.7,24506.45833,,,,,,,,,
10/8/2017,8.8,12.5,16.2,24673.14583,,,,,,,,,
10/9/2017,10.7,13.1,15.5,28675.10417,,,,,,,,,
10/10/2017,11.6,14.2,16.8,27749.29167,,,,,,,,,
10/11/2017,12.5,14.1,15.6,27292.97917,,,,,,,,,
10/12/2017,8.8,12.8,16.9,27425.625,,,,,,,,,
10/13/2017,10.9,14.9,19,26936.20833,,,,,,,,,
10/14/2017,15.2,17.2,19.2,24251.83333,,,,,,,,,
10/15/2017,10.7,14.7,18.7,23635.04167,,,,,,,,,
10/16/2017,12.3,16.4,20.5,27114.08333,,,,,,,,,
10/17/2017,9.7,12.2,14.8,27642.875,,,,,,,,,
10/18/2017,8.7,11.2,13.7,29911.79167,,,,,,,,,
10/19/2017,10.1,12.7,15.3,29551.79167,,,,,,,,,
10/20/2017,10.9,12.5,14.1,27782.97917,,,,,,,,,
10/21/2017,10.4,12.2,13.9,23515.0625,,,,,,,,,
10/22/2017,8.6,10.5,12.4,23229.41667,,,,,,,,,
10/23/2017,8.5,12,15.5,29281.91667,,,,,,,,,
10/24/2017,11.4,14.2,17.1,28396.77083,,,,,,,,,
10/25/2017,11.8,13.9,16,27814.97917,,,,,,,,,
10/26/2017,7.3,10.3,13.4,29641,,,,,,,,,
10/27/2017,5.7,9.7,13.7,27851.41667,,,,,,,,,
10/28/2017,5.3,9.9,14.5,23835.6875,,,,,,,,,
10/29/2017,8.9,10.8,12.7,24388.41667,,,,,,,,,
10/30/2017,0.7,6,11.3,30197.6875,,,,,,,,,
10/31/2017,2.8,7.9,13,30279.77083,,,,,,,,,
11/1/2017,7.7,10.8,13.9,30210.3125,,,,,,,,,
11/2/2017,4,7.8,11.6,31106.70833,,,,,,,,,
11/3/2017,6.9,9.7,12.5,30444.9375,,,,,,,,,
11/4/2017,8.4,10.3,12.2,26876.04167,,,,,,,,,
11/5/2017,3.1,6.3,9.5,26208.6875,,,,,,,,,
11/6/2017,-0.5,5.3,11.1,31307.41667,,,,,,,,,
11/7/2017,3.9,7.7,11.4,31573.83333,,,,,,,,,
11/8/2017,1.3,5.8,10.3,32147.20833,,,,,,,,,
11/9/2017,1.8,7.7,13.5,31873.72917,,,,,,,,,
11/10/2017,5.8,8.1,10.5,29606.33333,,,,,,,,,
11/11/2017,6,7.6,9.2,28775.14583,,,,,,,,,
11/12/2017,4.2,5.8,7.5,26698.1875,,,,,,,,,
11/13/2017,-0.6,4.3,9.1,33170.875,,,,,,,,,
11/14/2017,1.4,6.5,11.6,32958.1875,,,,,,,,,
11/15/2017,7.9,9.8,11.8,32817.14583,,,,,,,,,
11/16/2017,8.4,10.2,11.9,31469.0625,,,,,,,,,
11/17/2017,-0.7,4.1,8.8,31959.66667,,,,,,,,,
11/18/2017,1.5,4.8,8.1,29026.1875,,,,,,,,,
11/19/2017,0.8,5.5,10.3,28953.25,,,,,,,,,
11/20/2017,2.1,7.4,12.7,31751.35417,,,,,,,,,
11/21/2017,10.1,11.7,13.3,31212.29167,,,,,,,,,
11/22/2017,10.5,12.8,15,29762.52083,,,,,,,,,
11/23/2017,5.6,7.6,9.6,30135.8125,,,,,,,,,
11/24/2017,1.3,4.7,8.1,32317.33333,,,,,,,,,
11/25/2017,-0.8,2.6,6,29694.25,,,,,,,,,
11/26/2017,1.2,5.5,9.7,29169.5,,,,,,,,,
11/27/2017,2.5,5.7,8.9,32555.60417,,,,,,,,,
11/28/2017,2.2,4.2,6.2,33693.6875,,,,,,,,,
11/29/2017,0.3,3.1,5.8,34174.10417,,,,,,,,,
11/30/2017,-1.2,1.1,3.4,34515.22917,,,,,,,,,
12/1/2017,0,2.8,5.5,34465.29167,,,,,,,,,
12/2/2017,1.6,4.9,8.3,31985.91667,,,,,,,,,
12/3/2017,3.1,6.4,9.8,30094.75,,,,,,,,,
12/4/2017,1.6,5.2,8.8,33834.04167,,,,,,,,,
12/5/2017,5.5,6.7,8,33852,,,,,,,,,
12/6/2017,6.5,9.1,11.8,32364.97917,,,,,,,,,
12/7/2017,7.6,9,10.5,31625.02083,,,,,,,,,
12/8/2017,0.8,1.9,3,33249.77083,,,,,,,,,
12/9/2017,-1.7,0.3,2.2,32599.52083,,,,,,,,,
12/10/2017,-1,0.1,1.2,32567.22917,,,,,,,,,
12/11/2017,-1.3,0.3,1.8,36237.625,,,,,,,,,
12/12/2017,-6.2,-0.4,5.5,37033.3125,,,,,,,,,
12/13/2017,-4.7,0.9,6.5,35483,,,,,,,,,
12/14/2017,1.9,3.9,5.9,35082.5625,,,,,,,,,
12/15/2017,0.8,3,5.3,34679.625,,,,,,,,,
12/16/2017,-1.3,1.5,4.3,32801.66667,,,,,,,,,
12/17/2017,-1.4,4.1,9.5,32187.95833,,,,,,,,,
12/18/2017,0.5,3.3,6.1,35160.1875,,,,,,,,,
12/19/2017,-0.7,3.8,8.4,35825.5625,,,,,,,,,
12/20/2017,2.3,6.5,10.8,34255.375,,,,,,,,,
12/21/2017,7.6,9.2,10.8,33084.10417,,,,,,,,,
12/22/2017,7.8,9,10.2,31026.29167,,,,,,,,,
12/23/2017,7.1,8.4,9.6,27609.22917,,,,,,,,,
12/24/2017,7.2,8.7,10.3,25695.47917,,,,,,,,,
12/25/2017,8.5,9.7,10.9,23755.45833,,,,,,,,,
12/26/2017,2,4.2,6.4,25082.04167,,,,,,,,,
12/27/2017,0.7,2,3.3,29117.33333,,,,,,,,,
12/28/2017,-1.1,2.1,5.4,30486.35417,,,,,,,,,
12/29/2017,-1.8,4.2,10.2,30395.60417,,,,,,,,,
12/30/2017,3,7.7,12.3,27518.83333,,,,,,,,,
12/31/2017,7.3,8.5,9.8,25682.29167,,,,,,,,,
1/1/2018,3.6,5.4,7.3,26426.25,,,,,,,,,
1/2/2018,2.6,6.8,11,32155.64583,,,,,,,,,
1/3/2018,4,6.6,9.3,31515.5625,,,,,,,,,
1/4/2018,5.3,7.9,10.5,32892.625,,,,,,,,,
1/5/2018,2.3,4.5,6.8,33564.14583,,,,,,,,,
1/6/2018,-1.3,2.1,5.5,30697.6875,,,,,,,,,
1/7/2018,0.1,2.5,4.9,29874.27083,,,,,,,,,
1/8/2018,-0.4,1.6,3.7,35388.77083,,,,,,,,,
1/9/2018,1.1,4,7,35955.58333,,,,,,,,,
1/10/2018,2.7,5.1,7.5,34583.3125,,,,,,,,,
1/11/2018,0.4,3.1,5.8,35088.89583,,,,,,,,,
1/12/2018,2.4,4.5,6.7,34518.64583,,,,,,,,,
1/13/2018,4.3,5.5,6.7,30777.20833,,,,,,,,,
1/14/2018,2.7,5.6,8.6,30559.58333,,,,,,,,,
1/15/2018,2.9,6.3,9.7,32466.54167,,,,,,,,,
1/16/2018,3.1,4.4,5.7,33119.85417,,,,,,,,,
1/17/2018,1,5.5,10.1,33563.25,,,,,,,,,
1/18/2018,2.5,4.5,6.5,33682.22917,,,,,,,,,
1/19/2018,-0.2,2.7,5.7,33609.04167,,,,,,,,,
1/20/2018,0.2,1.5,2.9,32399.3125,,,,,,,,,
1/21/2018,-0.1,4.4,8.9,31807.39583,,,,,,,,,
1/22/2018,0.5,5.1,9.7,33183.79167,,,,,,,,,
1/23/2018,5.7,9.1,12.5,32082.72917,,,,,,,,,
1/24/2018,8.2,9.8,11.5,31928.04167,,,,,,,,,
1/25/2018,4.1,6.4,8.6,32576,,,,,,,,,
1/26/2018,2.1,5.1,8.1,33764.60417,,,,,,,,,
1/27/2018,1.6,6.2,10.9,29577.72917,,,,,,,,,
1/28/2018,5.3,8.9,12.6,27291.35417,,,,,,,,,
1/29/2018,8.5,9.3,10.2,31547.02083,,,,,,,,,
1/30/2018,-0.4,4,8.4,33526.5,,,,,,,,,
1/31/2018,1.7,4.2,6.8,32153.52083,,,,,,,,,
2/1/2018,1.4,4.1,6.8,32586.5625,,,,,,,,,
2/2/2018,1.8,4.4,7,33022.29167,,,,,,,,,
2/3/2018,1.5,2.5,3.5,31680.14583,,,,,,,,,
2/4/2018,1,3.1,5.3,30247.66667,,,,,,,,,
2/5/2018,0.2,2,3.8,35377.22917,,,,,,,,,
2/6/2018,-0.6,1,2.6,35870,,,,,,,,,
2/7/2018,-3.1,0.6,4.2,35199.9375,,,,,,,,,
2/8/2018,-2.5,2.4,7.3,34446.0625,,,,,,,,,
2/9/2018,1.4,3.4,5.3,33178.60417,,,,,,,,,
2/10/2018,-1.2,4.1,9.3,30784.64583,,,,,,,,,
2/11/2018,1.3,3.1,5,27962.85417,,,,,,,,,
2/12/2018,-0.9,2.7,6.3,33162,,,,,,,,,
2/13/2018,1.4,3.1,4.7,34196.72917,,,,,,,,,
2/14/2018,-2.2,2.5,7.3,34775.64583,,,,,,,,,
2/15/2018,1.8,5,8.2,31891.33333,,,,,,,,,
2/16/2018,0.1,4.4,8.7,32308.97917,,,,,,,,,
2/17/2018,1.6,5.4,9.2,29574.25,,,,,,,,,
2/18/2018,2.1,5.4,8.8,29662.27083,,,,,,,,,
2/19/2018,5,7.9,10.8,33513.79167,,,,,,,,,
2/20/2018,5.6,7.5,9.4,31629.1875,,,,,,,,,
2/21/2018,2.6,4.9,7.2,33557.875,,,,,,,,,
2/22/2018,0.6,2.6,4.7,33965.91667,,,,,,,,,
2/23/2018,-2.6,1.2,5.1,33580.39583,,,,,,,,,
2/24/2018,-1.6,2.1,5.9,29313.45833,,,,,,,,,
2/25/2018,-1.3,1.5,4.3,28845.5625,,,,,,,,,
2/26/2018,-2.8,-0.3,2.3,35095.45833,,,,,,,,,
2/27/2018,-3.7,-1.2,1.3,36654.70833,,,,,,,,,
2/28/2018,-5.9,-3.6,-1.3,36315.1875,,,,,,,,,
3/1/2018,-6.4,-3.8,-1.2,37573.79167,,,,,,,,,
3/2/2018,-4.7,-2.3,0.1,36835.1875,,,,,,,,,
3/3/2018,-2.5,0.3,3,33671.95833,,,,,,,,,
3/4/2018,-0.4,3.4,7.2,32043.375,,,,,,,,,
3/5/2018,1.8,5.9,10,34584.75,,,,,,,,,
3/6/2018,3.8,5.9,8,34004.125,,,,,,,,,
3/7/2018,1.5,5.4,9.4,33278.4375,,,,,,,,,
3/8/2018,1.5,5,8.5,32606.1875,,,,,,,,,
3/9/2018,0.3,5.3,10.3,33372.4375,,,,,,,,,
3/10/2018,3.2,8.1,13,28748.27083,,,,,,,,,
3/11/2018,3.5,7.7,12,27930.83333,,,,,,,,,
3/12/2018,5.8,7,8.1,32653.14583,,,,,,,,,
3/13/2018,3.6,7.2,10.8,32346.85417,,,,,,,,,
3/14/2018,1.9,6.6,11.3,30845,,,,,,,,,
3/15/2018,6.2,8.5,10.7,31453.0625,,,,,,,,,
3/16/2018,5.5,8.9,12.3,30206.10417,,,,,,,,,
3/17/2018,-0.2,0.7,1.5,29735.125,,,,,,,,,
3/18/2018,-2.8,-1.1,0.7,31201.1875,,,,,,,,,
3/19/2018,-1.8,1.7,5.2,33841.5625,,,,,,,,,
3/20/2018,0.1,3.9,7.7,34331,,,,,,,,,
3/21/2018,-1,3.8,8.6,32486.52083,,,,,,,,,
3/22/2018,3,6.5,9.9,31901.91667,,,,,,,,,
3/23/2018,5.7,8.2,10.6,29995.16667,,,,,,,,,
3/24/2018,4.7,7.1,9.6,29409.27083,,,,,,,,,
3/25/2018,3.1,7.4,11.6,26578.04167,,,,,,,,,
3/26/2018,0.9,6.4,11.9,30170.58333,,,,,,,,,
3/27/2018,4.4,8.1,11.9,30887.1875,,,,,,,,,
3/28/2018,4.1,6.3,8.4,31880.85417,,,,,,,,,
3/29/2018,0.4,4.3,8.3,31814.33333,,,,,,,,,
3/30/2018,2,5.2,8.3,28928.97917,,,,,,,,,
3/31/2018,3.3,5.3,7.3,27644.16667,,,,,,,,,
4/1/2018,2,5,7.9,26945.89583,,,,,,,,,
4/2/2018,1.6,6.3,11,27863.60417,,,,,,,,,
4/3/2018,5.8,9.7,13.6,29177.04167,,,,,,,,,
4/4/2018,5.9,8.7,11.4,29810.25,,,,,,,,,
4/5/2018,1.2,6.2,11.2,28270.16667,,,,,,,,,
4/6/2018,4.1,9.6,15.1,27515.91667,,,,,,,,,
4/7/2018,6.2,9.9,13.5,26946.27083,,,,,,,,,
4/8/2018,6.6,8.7,10.8,26564.66667,,,,,,,,,
4/9/2018,5.1,8.2,11.4,30457.4375,,,,,,,,,
4/10/2018,6.5,8.4,10.4,30757.02083,,,,,,,,,
4/11/2018,6.1,7,7.8,30801.91667,,,,,,,,,
4/12/2018,5.4,6.6,7.8,31332.16667,,,,,,,,,
4/13/2018,5.2,8.6,12.1,31058.89583,,,,,,,,,
4/14/2018,6.2,11.5,16.7,25182.33333,,,,,,,,,
4/15/2018,7.6,10.7,13.9,25206.75,,,,,,,,,
4/16/2018,7.7,11,14.4,27070.75,,,,,,,,,
4/17/2018,9.7,13.1,16.4,27162.04167,,,,,,,,,
4/18/2018,11.6,17,22.4,25775.39583,,,,,,,,,
4/19/2018,11,17.6,24.3,26141.5,,,,,,,,,
4/20/2018,9.4,14.5,19.5,25507.125,,,,,,,,,
4/21/2018,6.6,14.2,21.8,22614.52083,,,,,,,,,
4/22/2018,11.1,14.4,17.7,21230.8125,,,,,,,,,
4/23/2018,6.8,10.5,14.3,24995.39583,,,,,,,,,
4/24/2018,9.2,11.5,13.8,27637.5625,,,,,,,,,
4/25/2018,6.4,9.6,12.9,25702,,,,,,,,,
4/26/2018,5.2,9.1,13,25548.72917,,,,,,,,,
4/27/2018,4.8,7,9.2,29137.3125,,,,,,,,,
4/28/2018,4.2,6.9,9.5,26189.875,,,,,,,,,
4/29/2018,4.3,6.5,8.8,25166.66667,,,,,,,,,
4/30/2018,3.2,7.1,11.1,28030.375,,,,,,,,,
5/1/2018,1.4,7.7,14,26936.91667,,,,,,,,,
5/2/2018,7.5,10,12.5,27243.45833,,,,,,,,,
5/3/2018,3.4,9.1,14.8,27108.91667,,,,,,,,,
5/4/2018,8.9,13.2,17.6,26681.1875,,,,,,,,,
5/5/2018,6.5,13.9,21.3,21769.72917,,,,,,,,,
5/6/2018,7,15.3,23.7,20263.83333,,,,,,,,,
5/7/2018,8.3,16.9,25.6,21381.45833,,,,,,,,,
5/8/2018,9,14.5,20,25032.97917,,,,,,,,,
5/9/2018,6.3,11.5,16.6,25466.125,,,,,,,,,
5/10/2018,7,11.1,15.2,24705.08333,,,,,,,,,
5/11/2018,4.5,10,15.6,24552.1875,,,,,,,,,
5/12/2018,4.6,9.6,14.6,23611.9375,,,,,,,,,
5/13/2018,6.5,11.7,16.8,21698.04167,,,,,,,,,
5/14/2018,4.4,11.4,18.5,24198.25,,,,,,,,,
5/15/2018,7.1,13.7,20.4,24846.6875,,,,,,,,,
5/16/2018,10.3,12,13.8,25475.08333,,,,,,,,,
5/17/2018,3.7,9.6,15.5,24742.8125,,,,,,,,,
5/18/2018,2.3,9.9,17.4,24837.10417,,,,,,,,,
5/19/2018,4.4,12.5,20.6,21311.41667,,,,,,,,,
5/20/2018,6.3,13.9,21.5,20591.14583,,,,,,,,,
5/21/2018,7.5,15,22.6,24737.66667,,,,,,,,,
5/22/2018,9.5,14.9,20.3,23571.5,,,,,,,,,
5/23/2018,8.2,13.5,18.7,24000.625,,,,,,,,,
5/24/2018,8.4,14.4,20.3,25706.54167,,,,,,,,,
5/25/2018,10.6,13.3,16.1,25944.47917,,,,,,,,,
5/26/2018,11.9,17.3,22.6,20740.35417,,,,,,,,,
5/27/2018,11.7,18.2,24.7,20153.95833,,,,,,,,,
5/28/2018,12.8,17.9,23,21304.60417,,,,,,,,,
5/29/2018,12.5,15.3,18.1,24741.89583,,,,,,,,,
5/30/2018,11.6,15.2,18.8,26403.77083,,,,,,,,,
5/31/2018,13.1,17.9,22.6,26107.66667,,,,,,,,,
6/1/2018,14.9,19,23.2,25437.375,,,,,,,,,
6/2/2018,13.9,17.5,21.1,22323.10417,,,,,,,,,
6/3/2018,11.7,17.7,23.7,20995.58333,,,,,,,,,
6/4/2018,13.6,15.9,18.2,25512.45833,,,,,,,,,
6/5/2018,10.2,13.9,17.6,25463.97917,,,,,,,,,
6/6/2018,6.8,13.5,20.1,24433.85417,,,,,,,,,
6/7/2018,8.8,14.3,19.8,25281.375,,,,,,,,,
6/8/2018,10.9,15.1,19.3,25268.72917,,,,,,,,,
6/9/2018,10.7,15.4,20.1,21466.52083,,,,,,,,,
6/10/2018,10.5,16.3,22.1,20920.8125,,,,,,,,,
6/11/2018,10.2,16.4,22.7,24012.58333,,,,,,,,,
6/12/2018,9.7,14.2,18.7,25317.79167,,,,,,,,,
6/13/2018,7,14,20.9,24418.97917,,,,,,,,,
6/14/2018,13.2,16.4,19.7,23482.45833,,,,,,,,,
6/15/2018,9,13.8,18.7,24257.33333,,,,,,,,,
6/16/2018,9.8,14.2,18.6,21714.4375,,,,,,,,,
6/17/2018,11.5,14.4,17.3,21312.52083,,,,,,,,,
6/18/2018,12.7,16.6,20.5,23992.83333,,,,,,,,,
6/19/2018,13.5,17.5,21.5,25536.83333,,,,,,,,,
6/20/2018,14.2,17.4,20.6,24720.0625,,,,,,,,,
6/21/2018,8.2,12.8,17.4,23204.08333,,,,,,,,,
6/22/2018,6.3,13.2,20.1,23208.02083,,,,,,,,,
6/23/2018,7.6,13.9,20.3,21092.79167,,,,,,,,,
6/24/2018,7.8,15.7,23.7,20243.5,,,,,,,,,
6/25/2018,8.9,18.2,27.4,24493.20833,,,,,,,,,
6/26/2018,11.9,20.1,28.2,24956.52083,,,,,,,,,
6/27/2018,10.9,18.6,26.4,24618.04167,,,,,,,,,
6/28/2018,10.6,18.7,26.8,24616.5,,,,,,,,,
6/29/2018,11.2,19.1,27,23788.1875,,,,,,,,,
6/30/2018,11.1,18.9,26.6,20570.58333,,,,,,,,,
7/1/2018,11.7,20.4,29.1,21030.8125,,,,,,,,,
7/2/2018,13.7,20.5,27.3,24200.20833,,,,,,,,,
7/3/2018,10.6,18,25.4,24173.1875,,,,,,,,,
7/4/2018,10.5,18.2,25.9,25325.9375,,,,,,,,,
7/5/2018,13.5,20.4,27.3,25526.41667,,,,,,,,,
7/6/2018,12.5,19.7,26.9,24978.20833,,,,,,,,,
7/7/2018,12.9,20.3,27.6,22258.58333,,,,,,,,,
7/8/2018,12.8,20.4,27.9,21519.39583,,,,,,,,,
7/9/2018,13.8,20.1,26.4,25776.33333,,,,,,,,,
7/10/2018,13.3,18.1,22.9,24949.5625,,,,,,,,,
7/11/2018,11.3,17.5,23.7,25585.85417,,,,,,,,,
7/12/2018,12.6,18,23.4,25804.60417,,,,,,,,,
7/13/2018,13.3,18.6,23.9,25356.22917,,,,,,,,,
7/14/2018,12.1,19.2,26.3,21992.83333,,,,,,,,,
7/15/2018,11.6,19.4,27.1,21099.22917,,,,,,,,,
7/16/2018,14.1,19.5,25,25873.4375,,,,,,,,,
7/17/2018,10.9,16.2,21.5,25727.45833,,,,,,,,,
7/18/2018,11.4,17.3,23.3,25932.89583,,,,,,,,,
7/19/2018,11.7,18.5,25.2,25452.64583,,,,,,,,,
7/20/2018,11.4,17.8,24.3,25231.41667,,,,,,,,,
7/21/2018,13.3,18.4,23.5,22098.3125,,,,,,,,,
7/22/2018,14.3,20.1,25.9,21329.25,,,,,,,,,
7/23/2018,15.7,21.9,28,25731.6875,,,,,,,,,
7/24/2018,15.4,20.7,25.9,25788.0625,,,,,,,,,
7/25/2018,12.5,19.6,26.7,25169.58333,,,,,,,,,
7/26/2018,13.7,22.2,30.7,25872.72917,,,,,,,,,
7/27/2018,15.4,22.5,29.7,25619.3125,,,,,,,,,
7/28/2018,14.7,17.5,20.3,19596.85417,,,,,,,,,
7/29/2018,12.2,16.6,21,20623.02083,,,,,,,,,
7/30/2018,12.8,17.6,22.4,24483.77083,,,,,,,,,
7/31/2018,12.6,17.9,23.1,23622.97917,,,,,,,,,
8/1/2018,11.4,17.3,23.2,23863.25,,,,,,,,,
8/2/2018,14.1,20.2,26.3,24752.375,,,,,,,,,
8/3/2018,15.5,20.5,25.6,25436.33333,,,,,,,,,
8/4/2018,15.2,19.8,24.4,21560.08333,,,,,,,,,
8/5/2018,11.3,19.3,27.4,20635.35417,,,,,,,,,
8/6/2018,13.4,19.9,26.5,24676.3125,,,,,,,,,
8/7/2018,13.5,19.3,25.1,25395.10417,,,,,,,,,
8/8/2018,11.6,16.6,21.6,24524.66667,,,,,,,,,
8/9/2018,11.5,15.1,18.8,25070.75,,,,,,,,,
8/10/2018,9,13.6,18.2,24015.77083,,,,,,,,,
8/11/2018,7.1,14,20.9,21445,,,,,,,,,
8/12/2018,14.9,17.3,19.7,21927.45833,,,,,,,,,
8/13/2018,14.3,18.4,22.5,25072.6875,,,,,,,,,
8/14/2018,11.9,16.9,21.8,25239.77083,,,,,,,,,
8/15/2018,14.8,18.4,22.1,24307.02083,,,,,,,,,
8/16/2018,14.2,16.8,19.4,24477.20833,,,,,,,,,
8/17/2018,10.3,14.9,19.4,23249.72917,,,,,,,,,
8/18/2018,14.3,17.7,21.2,21294.8125,,,,,,,,,
8/19/2018,15.7,19.1,22.4,21183.83333,,,,,,,,,
8/20/2018,15.2,18.8,22.4,25957.20833,,,,,,,,,
8/21/2018,15.4,19.7,24,25840.72917,,,,,,,,,
8/22/2018,13.7,18,22.2,25750.41667,,,,,,,,,
8/23/2018,11.5,15.1,18.6,24994.77083,,,,,,,,,
8/24/2018,9.5,13.1,16.6,23172.85417,,,,,,,,,
8/25/2018,7.4,12.5,17.5,20762.9375,,,,,,,,,
8/26/2018,8,12.6,17.1,21744.4375,,,,,,,,,
8/27/2018,11,14.3,17.6,21407.04167,,,,,,,,,
8/28/2018,11.9,15.1,18.4,25796.3125,,,,,,,,,
8/29/2018,11.7,15,18.2,25687.97917,,,,,,,,,
8/30/2018,6.2,12.4,18.5,25311.70833,,,,,,,,,
8/31/2018,7.9,14.1,20.4,24302.22917,,,,,,,,,
9/1/2018,9.4,16,22.7,21737.39583,,,,,,,,,
9/2/2018,13.3,18.4,23.5,21107.875,,,,,,,,,
9/3/2018,12.1,16.4,20.7,25591.72917,,,,,,,,,
9/4/2018,11.9,14.5,17.1,26306.875,,,,,,,,,
9/5/2018,10.2,14.9,19.5,25968.125,,,,,,,,,
9/6/2018,7.8,12.9,18.1,26347.8125,,,,,,,,,
9/7/2018,5.5,11.4,17.3,24366.70833,,,,,,,,,
9/8/2018,7.9,12.7,17.5,22929.14583,,,,,,,,,
9/9/2018,12.9,16.5,20.1,21088.60417,,,,,,,,,
9/10/2018,11.9,15.4,18.9,25093.5,,,,,,,,,
9/11/2018,13.7,16.2,18.7,26202.95833,,,,,,,,,
9/12/2018,9.8,12.7,15.5,26552.125,,,,,,,,,
9/13/2018,6.2,12.1,17.9,25523.10417,,,,,,,,,
9/14/2018,10.7,13.7,16.7,25263.95833,,,,,,,,,
9/15/2018,9.7,14.3,18.8,22623.29167,,,,,,,,,
9/16/2018,12,15.9,19.8,21741.02083,,,,,,,,,
9/17/2018,13.3,18.1,23,25488.27083,,,,,,,,,
9/18/2018,14.1,17.5,20.9,24698.8125,,,,,,,,,
9/19/2018,14.5,17.7,20.9,24834.08333,,,,,,,,,
9/20/2018,12.1,15.2,18.3,26640.75,,,,,,,,,
9/21/2018,8.2,11.4,14.7,23836.27083,,,,,,,,,
9/22/2018,8.7,10.5,12.2,24745.5,,,,,,,,,
9/23/2018,6.6,10,13.3,23560.4375,,,,,,,,,
9/24/2018,2.8,8.6,14.3,26441.29167,,,,,,,,,
9/25/2018,2.1,9.3,16.5,26411.58333,,,,,,,,,
9/26/2018,7.7,13.7,19.7,26039.4375,,,,,,,,,
9/27/2018,10.5,15.6,20.7,25853.70833,,,,,,,,,
9/28/2018,7.9,11.7,15.5,25817.89583,,,,,,,,,
9/29/2018,2,8.9,15.8,22784.75,,,,,,,,,
9/30/2018,5.2,9.3,13.4,23300.91667,,,,,,,,,
10/1/2018,4,9.5,15.1,26702.64583,,,,,,,,,
10/2/2018,8.3,12.8,17.2,26066.5625,,,,,,,,,
10/3/2018,10.1,13.7,17.4,27612.33333,,,,,,,,,
10/4/2018,9.8,13.6,17.4,27562.16667,,,,,,,,,
10/5/2018,11.9,14.7,17.5,27335.72917,,,,,,,,,
10/6/2018,7,8.6,10.1,24907,,,,,,,,,
10/7/2018,1.3,7.5,13.7,23779.72917,,,,,,,,,
10/8/2018,5.3,10.5,15.7,27130.375,,,,,,,,,
10/9/2018,9.7,14.4,19.1,25978.60417,,,,,,,,,
10/10/2018,7.6,15.2,22.8,26561.8125,,,,,,,,,
10/11/2018,13.4,16.3,19.2,26720.95833,,,,,,,,,
10/12/2018,10.7,15,19.3,25969.66667,,,,,,,,,
10/13/2018,15.1,18.5,22,22787.29167,,,,,,,,,
10/14/2018,10.6,11.1,11.7,24725,,,,,,,,,
10/15/2018,7,10.1,13.3,28862.77083,,,,,,,,,
10/16/2018,9.2,13.1,17,28516.89583,,,,,,,,,
10/17/2018,10.5,13,15.5,28715.5,,,,,,,,,
10/18/2018,4.9,9.3,13.7,28137.89583,,,,,,,,,
10/19/2018,2.6,8.8,14.9,27526.08333,,,,,,,,,
10/20/2018,5.5,10.8,16.1,24341.22917,,,,,,,,,
10/21/2018,8.8,12.7,16.6,23398.75,,,,,,,,,
10/22/2018,4.6,8.5,12.4,26968.95833,,,,,,,,,
10/23/2018,6,10.3,14.7,27133.16667,,,,,,,,,
10/24/2018,9.6,11.8,14,27539.1875,,,,,,,,,
10/25/2018,5.9,9,12.1,28714.125,,,,,,,,,
10/26/2018,6.2,8.1,10.1,27611.54167,,,,,,,,,
10/27/2018,0.4,3.3,6.1,26404.375,,,,,,,,,
10/28/2018,2,5.9,9.9,26174.33333,,,,,,,,,
10/29/2018,-1.1,3.7,8.5,30954.9375,,,,,,,,,
10/30/2018,-0.6,3.7,8,31876.14583,,,,,,,,,
10/31/2018,-1,5.4,11.9,31359.52083,,,,,,,,,
11/1/2018,4.4,7.2,10,31184.97917,,,,,,,,,
11/2/2018,1.4,6.2,11.1,30475.91667,,,,,,,,,
11/3/2018,4.6,9.1,13.6,26105,,,,,,,,,
11/4/2018,9.3,11.1,12.8,26674.10417,,,,,,,,,
11/5/2018,7.2,10.3,13.4,30390.375,,,,,,,,,
11/6/2018,8.1,11.6,15,29856.79167,,,,,,,,,
11/7/2018,11,12.2,13.5,29579.29167,,,,,,,,,
11/8/2018,4.9,8.7,12.6,29837.29167,,,,,,,,,
11/9/2018,7,9.6,12.2,29601.8125,,,,,,,,,
11/10/2018,7.4,10.1,12.7,26740.83333,,,,,,,,,
11/11/2018,6.6,9.5,12.4,26104.27083,,,,,,,,,
11/12/2018,7.7,10.5,13.4,29267.125,,,,,,,,,
11/13/2018,6.9,10,13.1,29295.04167,,,,,,,,,
11/14/2018,9,11.6,14.1,29443.9375,,,,,,,,,
11/15/2018,7.9,10.9,13.9,30547.70833,,,,,,,,,
11/16/2018,9.7,10.9,12.1,30724.875,,,,,,,,,
11/17/2018,7.1,8.8,10.5,26914.91667,,,,,,,,,
11/18/2018,4.2,7.4,10.5,26446.39583,,,,,,,,,
11/19/2018,4.1,6.6,9.1,30863.14583,,,,,,,,,
11/20/2018,3.9,5.1,6.3,32837.75,,,,,,,,,
11/21/2018,1.8,4.1,6.4,34133.60417,,,,,,,,,
11/22/2018,-1.6,1.6,4.9,34708.85417,,,,,,,,,
11/23/2018,0.2,3.9,7.6,33878.27083,,,,,,,,,
11/24/2018,4.3,6.4,8.4,29840.375,,,,,,,,,
11/25/2018,4,5.9,7.7,29132.125,,,,,,,,,
11/26/2018,3.1,5.5,7.9,33151.8125,,,,,,,,,
11/27/2018,0.8,6.5,12.3,33946.97917,,,,,,,,,
11/28/2018,2.5,8.3,14,31742.83333,,,,,,,,,
11/29/2018,9.5,11.6,13.6,30508.4375,,,,,,,,,
11/30/2018,6,8.2,10.3,30194.83333,,,,,,,,,
12/1/2018,5.2,8.7,12.2,28810.97917,,,,,,,,,
12/2/2018,8.2,10.8,13.3,26612.35417,,,,,,,,,
12/3/2018,8.5,9.7,10.9,30946.08333,,,,,,,,,
12/4/2018,0.8,3.9,7,33613.54167,,,,,,,,,
12/5/2018,1.8,6.7,11.6,33629.625,,,,,,,,,
12/6/2018,6.9,9.6,12.4,31660.375,,,,,,,,,
12/7/2018,9.4,9.8,10.2,29760.4375,,,,,,,,,
12/8/2018,5.5,8.2,10.9,27035.70833,,,,,,,,,
12/9/2018,7.4,8.5,9.6,27388.0625,,,,,,,,,
12/10/2018,4.9,6.8,8.7,33011.8125,,,,,,,,,
12/11/2018,2.3,5.9,9.5,33840.25,,,,,,,,,
12/12/2018,3.2,5.1,7.1,33092.85417,,,,,,,,,
12/13/2018,1.1,3.1,5.1,33293.125,,,,,,,,,
12/14/2018,-2,0.8,3.7,34675.4375,,,,,,,,,
12/15/2018,-1.2,3.1,7.5,31088.79167,,,,,,,,,
12/16/2018,1.3,4.4,7.5,30465.6875,,,,,,,,,
12/17/2018,2.9,6.8,10.6,33232.0625,,,,,,,,,
12/18/2018,3.7,6.9,10,32269.14583,,,,,,,,,
12/19/2018,4.2,6.5,8.7,32428.47917,,,,,,,,,
12/20/2018,4.5,7.7,11,31623.41667,,,,,,,,,
12/21/2018,5.5,7.9,10.3,30283.64583,,,,,,,,,
12/22/2018,6.1,8.3,10.4,27070.35417,,,,,,,,,
12/23/2018,5.4,7.6,9.8,28012.8125,,,,,,,,,
12/24/2018,2.1,4.4,6.6,28736.3125,,,,,,,,,
12/25/2018,0.3,4.4,8.6,26260.9375,,,,,,,,,
12/26/2018,4,6.8,9.6,25373.5625,,,,,,,,,
12/27/2018,5.5,7.2,8.9,28557.5,,,,,,,,,
12/28/2018,5.8,7.8,9.8,28690.45833,,,,,,,,,
12/29/2018,7,9.6,12.1,26072,,,,,,,,,
12/30/2018,5.5,8,10.5,26531.04167,,,,,,,,,
12/31/2018,8.1,8.7,9.4,26960.27083,,,,,,,,,
1/1/2019,6.5,8,9.4,25297.25,,,,,,,,,
1/2/2019,-0.5,1.8,4,31779.83333,,,,,,,,,
1/3/2019,0,1.8,3.7,33801.02083,,,,,,,,,
1/4/2019,-1.8,0.9,3.6,34128.79167,,,,,,,,,
1/5/2019,-1.1,2.6,6.2,31161.39583,,,,,,,,,
1/6/2019,3.3,6.3,9.3,29594.95833,,,,,,,,,
1/7/2019,6,8.4,10.7,31730.75,,,,,,,,,
1/8/2019,4.8,6.6,8.4,31489.22917,,,,,,,,,
1/9/2019,0.3,2.6,4.9,33590.04167,,,,,,,,,
1/10/2019,-0.5,3.4,7.4,34996.66667,,,,,,,,,
1/11/2019,1.1,4.9,8.7,33572.89583,,,,,,,,,
1/12/2019,4.5,7.4,10.2,28472.77083,,,,,,,,,
1/13/2019,8,9.3,10.6,26739.9375,,,,,,,,,
1/14/2019,5.9,7.3,8.8,32229.6875,,,,,,,,,
1/15/2019,3.1,6.1,9,32218.10417,,,,,,,,,
1/16/2019,5.6,7.2,8.8,32332.79167,,,,,,,,,
1/17/2019,0.8,2.7,4.7,32905.04167,,,,,,,,,
1/18/2019,-2.3,1.3,5,34512.5625,,,,,,,,,
1/19/2019,0.6,2.5,4.4,31557.875,,,,,,,,,
1/20/2019,0.6,2.6,4.6,31029.20833,,,,,,,,,
1/21/2019,-0.9,2.3,5.5,34581.6875,,,,,,,,,
1/22/2019,0.2,2.6,5,34583.625,,,,,,,,,
1/23/2019,-2.7,0.2,3.1,35181.625,,,,,,,,,
1/24/2019,-2.7,2.2,7.2,35683.0625,,,,,,,,,
1/25/2019,1.5,6.3,11.2,32762.16667,,,,,,,,,
1/26/2019,5.9,7.8,9.8,28429.4375,,,,,,,,,
1/27/2019,2.9,4.6,6.3,27541.22917,,,,,,,,,
1/28/2019,-0.3,2.3,4.9,33002.125,,,,,,,,,
1/29/2019,-0.9,1.7,4.4,35241.60417,,,,,,,,,
1/30/2019,-2,0.6,3.3,35317.45833,,,,,,,,,
1/31/2019,-5.4,-1.8,1.7,36258.27083,,,,,,,,,
2/1/2019,-4.4,-0.8,2.7,35208.47917,,,,,,,,,
2/2/2019,-2.2,0.9,4,31185.0625,,,,,,,,,
2/3/2019,-5.2,0.8,6.8,30594.02083,,,,,,,,,
2/4/2019,-2.2,3.6,9.4,33361.04167,,,,,,,,,
2/5/2019,-0.7,4.2,9.1,34433.22917,,,,,,,,,
2/6/2019,2.9,5.9,9,32998.60417,,,,,,,,,
2/7/2019,4.6,7.1,9.5,31710.85417,,,,,,,,,
2/8/2019,4.4,7.6,10.9,31094.47917,,,,,,,,,
2/9/2019,5.5,7.4,9.4,27465.95833,,,,,,,,,
2/10/2019,3.5,5.2,7,28640.875,,,,,,,,,
2/11/2019,0.6,4.6,8.7,32554.35417,,,,,,,,,
2/12/2019,0.5,5.3,10.1,31484.04167,,,,,,,,,
2/13/2019,3.9,7.4,10.9,31508.52083,,,,,,,,,
2/14/2019,0.1,6.2,12.3,31142.64583,,,,,,,,,
2/15/2019,0.5,7.3,14.2,30327.375,,,,,,,,,
2/16/2019,2.9,7.6,12.4,27349.375,,,,,,,,,
2/17/2019,6.2,9.7,13.2,25553.27083,,,,,,,,,
2/18/2019,6.3,8.2,10,30254.25,,,,,,,,,
2/19/2019,3.5,6.7,9.9,30505.14583,,,,,,,,,
2/20/2019,5.6,8.7,11.7,30185.125,,,,,,,,,
2/21/2019,7.4,11.2,15,29587.58333,,,,,,,,,
2/22/2019,4.3,9.6,15,29325.8125,,,,,,,,,
2/23/2019,4.8,10.5,16.2,26107.4375,,,,,,,,,
2/24/2019,2.8,9.3,15.9,25747.54167,,,,,,,,,
2/25/2019,0.9,9.3,17.7,29128.95833,,,,,,,,,
2/26/2019,1.2,9.8,18.4,29110.70833,,,,,,,,,
2/27/2019,0.6,8.4,16.3,28963.95833,,,,,,,,,
2/28/2019,3.5,7,10.6,30760.27083,,,,,,,,,
3/1/2019,5.2,7.8,10.4,30488.66667,,,,,,,,,
3/2/2019,6,9.4,12.7,25370.85417,,,,,,,,,
3/3/2019,7.2,9.3,11.5,25763.64583,,,,,,,,,
3/4/2019,2.9,6.3,9.7,28983.625,,,,,,,,,
3/5/2019,1.7,6.5,11.2,29648.375,,,,,,,,,
3/6/2019,5.2,9,12.7,29932.20833,,,,,,,,,
3/7/2019,4.6,6.9,9.1,29316.22917,,,,,,,,,
3/8/2019,1.9,5.4,8.9,30219.85417,,,,,,,,,
3/9/2019,4.8,7.7,10.6,25527.8125,,,,,,,,,
3/10/2019,3.4,5.8,8.2,25710.125,,,,,,,,,
3/11/2019,1.2,5.5,9.8,28748.83333,,,,,,,,,
3/12/2019,4.7,6.7,8.6,30688.875,,,,,,,,,
3/13/2019,3.3,6.9,10.5,29273.0625,,,,,,,,,
3/14/2019,6.5,9.4,12.3,28584.54167,,,,,,,,,
3/15/2019,7.5,9.9,12.2,28242.4375,,,,,,,,,
3/16/2019,7.3,9.4,11.5,26062.25,,,,,,,,,
3/17/2019,2.9,5.8,8.7,24960.47917,,,,,,,,,
3/18/2019,3.1,6.4,9.7,30409.375,,,,,,,,,
3/19/2019,4.8,8.5,12.3,30675.125,,,,,,,,,
3/20/2019,7.4,10.5,13.6,29733.375,,,,,,,,,
3/21/2019,7.5,10,12.5,29706.47917,,,,,,,,,
3/22/2019,8.8,10.1,11.5,28910.27083,,,,,,,,,
3/23/2019,5.1,7.9,10.8,26000.66667,,,,,,,,,
3/24/2019,1.2,6.2,11.2,23538.625,,,,,,,,,
3/25/2019,4.1,8.1,12.1,27226.5625,,,,,,,,,
3/26/2019,-0.4,5.9,12.2,29011.60417,,,,,,,,,
3/27/2019,4.7,8.6,12.5,29470.66667,,,,,,,,,
3/28/2019,3.6,8.9,14.2,27613.9375,,,,,,,,,
3/29/2019,0.6,7.5,14.4,26934.95833,,,,,,,,,
3/30/2019,1.6,8.1,14.5,24508.375,,,,,,,,,
3/31/2019,4.5,8.2,11.8,23680.58333,,,,,,,,,
4/1/2019,1.6,7.1,12.7,27525.89583,,,,,,,,,
4/2/2019,2.8,6,9.2,29983.25,,,,,,,,,
4/3/2019,-0.8,3.6,8,30216.95833,,,,,,,,,
4/4/2019,0.9,4.9,8.9,30113.72917,,,,,,,,,
4/5/2019,3.6,7.9,12.2,28279.5625,,,,,,,,,
4/6/2019,3.3,7.8,12.2,25617.33333,,,,,,,,,
4/7/2019,6.2,9.2,12.2,25230.6875,,,,,,,,,
4/8/2019,6.6,9.1,11.6,27997.64583,,,,,,,,,
4/9/2019,6,8.6,11.1,28449.16667,,,,,,,,,
4/10/2019,1.3,6.2,11.1,27408.41667,,,,,,,,,
4/11/2019,-1.3,4.8,11,27993.14583,,,,,,,,,
4/12/2019,-0.2,5,10.1,28389.0625,,,,,,,,,
4/13/2019,-1.3,4.2,9.7,24638.02083,,,,,,,,,
4/14/2019,-1.7,3.6,8.9,24629.39583,,,,,,,,,
4/15/2019,2.1,7.6,13.1,26307.14583,,,,,,,,,
4/16/2019,5.3,9.5,13.7,28336.08333,,,,,,,,,
4/17/2019,5.1,11.3,17.4,26393.75,,,,,,,,,
4/18/2019,6.7,13,19.3,24991,,,,,,,,,
4/19/2019,6.6,14.3,22,21999.72917,,,,,,,,,
4/20/2019,6.3,14.5,22.8,20899.04167,,,,,,,,,
4/21/2019,6.5,14.4,22.2,19329.4375,,,,,,,,,
4/22/2019,6.6,14.5,22.4,20666.58333,,,,,,,,,
4/23/2019,9.3,14.2,19,24535.41667,,,,,,,,,
4/24/2019,7.8,12.8,17.8,25834.58333,,,,,,,,,
4/25/2019,7,11.1,15.3,25554.1875,,,,,,,,,
4/26/2019,4.8,9.4,14,25047.79167,,,,,,,,,
4/27/2019,5.9,8.6,11.3,22345.39583,,,,,,,,,
4/28/2019,5.2,9.5,13.9,23250.77083,,,,,,,,,
4/29/2019,4.2,9.3,14.4,26938.60417,,,,,,,,,
4/30/2019,3.9,10.2,16.5,26369.75,,,,,,,,,
5/1/2019,6.5,11,15.5,26966.22917,,,,,,,,,
5/2/2019,6.2,9.9,13.7,26582.875,,,,,,,,,
5/3/2019,5,8.5,12.1,27233.20833,,,,,,,,,
5/4/2019,2.5,6.7,10.9,21910.125,,,,,,,,,
5/5/2019,1.4,6.4,11.4,22967.97917,,,,,,,,,
5/6/2019,3.5,7.4,11.4,24076.70833,,,,,,,,,
5/7/2019,3.6,8.7,13.7,26607.33333,,,,,,,,,
5/8/2019,6.6,9.4,12.1,27229.9375,,,,,,,,,
5/9/2019,7.3,9.2,11.1,27547.16667,,,,,,,,,
5/10/2019,5.3,9.6,13.9,26846.83333,,,,,,,,,
5/11/2019,4.9,9.8,14.7,23175.29167,,,,,,,,,
5/12/2019,1.3,8.7,16.2,21589.35417,,,,,,,,,
5/13/2019,3.1,10.3,17.6,22926.125,,,,,,,,,
5/14/2019,4.7,11.9,19.2,23972.27083,,,,,,,,,
5/15/2019,5.3,12.3,19.4,24350.39583,,,,,,,,,
5/16/2019,4.7,10.9,17.1,24143.85417,,,,,,,,,
5/17/2019,7,11.9,16.8,25850.10417,,,,,,,,,
5/18/2019,9.4,12.5,15.6,23193.3125,,,,,,,,,
5/19/2019,6.5,11.6,16.7,22136.14583,,,,,,,,,
5/20/2019,7.8,12.7,17.7,24822.89583,,,,,,,,,
5/21/2019,6.2,12,17.7,24135,,,,,,,,,
5/22/2019,6.7,12.7,18.7,24354.66667,,,,,,,,,
5/23/2019,6.2,13.1,19.9,24026.52083,,,,,,,,,
5/24/2019,7.2,12.8,18.5,23807.16667,,,,,,,,,
5/25/2019,9.4,14.3,19.2,20783.91667,,,,,,,,,
5/26/2019,12.9,15.5,18.1,19627.58333,,,,,,,,,
5/27/2019,8.2,12.2,16.3,20075.89583,,,,,,,,,
5/28/2019,7.5,11.6,15.8,23928.66667,,,,,,,,,
5/29/2019,4.6,11,17.4,25055.04167,,,,,,,,,
5/30/2019,9.9,15.7,21.4,23119.79167,,,,,,,,,
5/31/2019,11.7,15.3,19,23234.10417,,,,,,,,,
6/1/2019,10,16.3,22.6,20839.66667,,,,,,,,,
6/2/2019,14.1,17.7,21.3,19964.70833,,,,,,,,,
6/3/2019,9.1,13.8,18.4,22835.60417,,,,,,,,,
6/4/2019,7.9,12.3,16.6,25575.4375,,,,,,,,,
6/5/2019,9.6,12.9,16.2,24500.27083,,,,,,,,,
6/6/2019,5.9,11.5,17,23791.79167,,,,,,,,,
6/7/2019,7.4,11.4,15.4,24896.66667,,,,,,,,,
6/8/2019,9.7,12.6,15.6,20789.66667,,,,,,,,,
6/9/2019,7.1,12.5,18,20617.1875,,,,,,,,,
6/10/2019,7,11.1,15.2,25516.625,,,,,,,,,
6/11/2019,8.6,10.2,11.7,25384.9375,,,,,,,,,
6/12/2019,8.5,11,13.6,26908.375,,,,,,,,,
6/13/2019,9.6,11.7,13.8,26554.91667,,,,,,,,,
6/14/2019,9.5,12.9,16.3,25187.52083,,,,,,,,,
6/15/2019,8.9,12.9,16.9,21786.16667,,,,,,,,,
6/16/2019,7.8,13.3,18.7,20540.27083,,,,,,,,,
6/17/2019,11.4,15,18.7,23821.91667,,,,,,,,,
6/18/2019,8.7,13.7,18.6,25681.5625,,,,,,,,,
6/19/2019,11.6,15.2,18.8,25616.70833,,,,,,,,,
6/20/2019,9.5,13.6,17.7,22845.22917,,,,,,,,,
6/21/2019,8.4,13.4,18.5,23486.97917,,,,,,,,,
6/22/2019,6.3,13.9,21.5,20247.29167,,,,,,,,,
6/23/2019,10.9,16.2,21.5,20918.3125,,,,,,,,,
6/24/2019,13.5,18.2,22.8,25166.77083,,,,,,,,,
6/25/2019,15.5,17,18.4,25907.16667,,,,,,,,,
6/26/2019,12.7,15,17.3,24828.60417,,,,,,,,,
6/27/2019,10.1,16.2,22.3,22914.27083,,,,,,,,,
6/28/2019,10.9,17.1,23.2,22530.75,,,,,,,,,
6/29/2019,12.8,21.7,30.6,20834.14583,,,,,,,,,
6/30/2019,12.8,17.1,21.4,19471.54167,,,,,,,,,
7/1/2019,11.9,15.4,19,22911.52083,,,,,,,,,
7/2/2019,7.9,13.3,18.8,24197.3125,,,,,,,,,
7/3/2019,7.5,14.4,21.2,24126.20833,,,,,,,,,
7/4/2019,8.6,15.6,22.6,23533,,,,,,,,,
7/5/2019,12.7,18,23.2,23498.97917,,,,,,,,,
7/6/2019,12.3,15.7,19.1,21594.52083,,,,,,,,,
7/7/2019,10.2,15.5,20.7,20601.27083,,,,,,,,,
7/8/2019,9.3,15.3,21.2,24120.14583,,,,,,,,,
7/9/2019,13.6,17.1,20.5,25345.83333,,,,,,,,,
7/10/2019,14.7,18.5,22.3,24868.52083,,,,,,,,,
7/11/2019,14.3,18.5,22.7,24853.27083,,,,,,,,,
7/12/2019,13.3,17.7,22.1,23633.66667,,,,,,,,,
7/13/2019,12.5,16.5,20.5,21643,,,,,,,,,
7/14/2019,11.7,16.2,20.7,20858.3125,,,,,,,,,
7/15/2019,8.8,15.4,22.1,24251.25,,,,,,,,,
7/16/2019,9.8,17.1,24.4,24414.125,,,,,,,,,
7/17/2019,11.1,17.2,23.3,24760.4375,,,,,,,,,
7/18/2019,13.5,17.2,20.9,24248.125,,,,,,,,,
7/19/2019,11.2,15.3,19.3,24743.97917,,,,,,,,,
7/20/2019,14.1,17.3,20.6,20177.85417,,,,,,,,,
7/21/2019,11.3,16.5,21.7,19919.4375,,,,,,,,,
7/22/2019,15.8,20.6,25.4,23359.375,,,,,,,,,
7/23/2019,14.8,22.5,30.2,24707.47917,,,,,,,,,
7/24/2019,17.7,23.1,28.5,25225.72917,,,,,,,,,
7/25/2019,16.2,25.2,34.1,25588.5625,,,,,,,,,
7/26/2019,17.2,20.7,24.1,25438.375,,,,,,,,,
7/27/2019,14.8,16.2,17.5,22134.39583,,,,,,,,,
7/28/2019,14,16.7,19.3,20791.625,,,,,,,,,
7/29/2019,11.7,17.6,23.6,23180.33333,,,,,,,,,
7/30/2019,13.7,16.8,19.9,23708.1875,,,,,,,,,
7/31/2019,14.9,18,21,23278.54167,,,,,,,,,
8/1/2019,13.3,18.5,23.6,23786.54167,,,,,,,,,
8/2/2019,12.5,17.9,23.4,23433.83333,,,,,,,,,
8/3/2019,12.9,18.3,23.6,21353.39583,,,,,,,,,
8/4/2019,13.9,19,24.1,20422.8125,,,,,,,,,
8/5/2019,14.9,18.7,22.5,23220.54167,,,,,,,,,
8/6/2019,13.3,17.6,21.8,23077.60417,,,,,,,,,
8/7/2019,13.4,17.1,20.8,22977.85417,,,,,,,,,
8/8/2019,11.7,17.5,23.2,23816.08333,,,,,,,,,
8/9/2019,15.8,19.5,23.2,22877.8125,,,,,,,,,
8/10/2019,15.4,17.6,19.7,19247.83333,,,,,,,,,
8/11/2019,13.1,15.7,18.2,19620,,,,,,,,,
8/12/2019,10.6,14.3,17.9,23591.875,,,,,,,,,
8/13/2019,8.7,14.1,19.6,23566.91667,,,,,,,,,
8/14/2019,10.1,13.9,17.6,25448.08333,,,,,,,,,
8/15/2019,13.3,16.5,19.6,22877.47917,,,,,,,,,
8/16/2019,10.3,13.7,17.1,23911.02083,,,,,,,,,
8/17/2019,12.9,16.7,20.5,19312.95833,,,,,,,,,
8/18/2019,11.8,15.8,19.8,18925.22917,,,,,,,,,
8/19/2019,11.6,15.3,19,22661.5,,,,,,,,,
8/20/2019,9.5,14.3,19.1,23534.1875,,,,,,,,,
8/21/2019,10.7,15.5,20.4,23546.60417,,,,,,,,,
8/22/2019,11.7,16.2,20.8,23555.95833,,,,,,,,,
8/23/2019,13.5,19,24.4,23376.35417,,,,,,,,,
8/24/2019,10.6,18.9,27.1,20482.66667,,,,,,,,,
8/25/2019,13.5,21.7,29.9,20202.02083,,,,,,,,,
8/26/2019,12.9,19.9,26.8,21462.97917,,,,,,,,,
8/27/2019,13.4,20.1,26.8,25199.125,,,,,,,,,
8/28/2019,14,17.2,20.4,25475.25,,,,,,,,,
8/29/2019,9.1,14.7,20.2,23504.95833,,,,,,,,,
8/30/2019,13.3,17.5,21.7,22461.39583,,,,,,,,,
8/31/2019,13.5,16.4,19.4,20140,,,,,,,,,
9/1/2019,9,13.4,17.9,19525.1875,,,,,,,,,
9/2/2019,8,13.6,19.2,23666.5625,,,,,,,,,
9/3/2019,12.6,16.5,20.3,24151.29167,,,,,,,,,
9/4/2019,13,15.4,17.8,23063.04167,,,,,,,,,
9/5/2019,9,13,16.9,23505.625,,,,,,,,,
9/6/2019,9.6,13.6,17.5,23888.5625,,,,,,,,,
9/7/2019,9.5,13.2,16.9,21634.89583,,,,,,,,,
9/8/2019,4.3,10.8,17.3,21025.29167,,,,,,,,,
9/9/2019,9.9,12.2,14.4,26516.1875,,,,,,,,,
9/10/2019,8.5,13,17.6,25531.52083,,,,,,,,,
9/11/2019,12.1,16.6,21.2,24789.08333,,,,,,,,,
9/12/2019,11.6,16.5,21.4,24894.97917,,,,,,,,,
9/13/2019,8.5,13.4,18.3,24018.33333,,,,,,,,,
9/14/2019,5,12.9,20.9,20902.1875,,,,,,,,,
9/15/2019,10.5,15.8,21.1,21375.60417,,,,,,,,,
9/16/2019,12.8,15,17.2,26211.9375,,,,,,,,,
9/17/2019,7.1,12.2,17.3,24632.625,,,,,,,,,
9/18/2019,4.7,11.4,18.1,25341.58333,,,,,,,,,
9/19/2019,6.6,13.5,20.4,25067.6875,,,,,,,,,
9/20/2019,7.1,14.2,21.3,23729.125,,,,,,,,,
9/21/2019,9.9,16.8,23.7,20640.52083,,,,,,,,,
9/22/2019,13.8,16.7,19.5,22614.79167,,,,,,,,,
9/23/2019,12.4,15.7,19,25145.97917,,,,,,,,,
9/24/2019,13.9,16.1,18.2,26107.95833,,,,,,,,,
9/25/2019,13.8,15.9,18,26567.14583,,,,,,,,,
9/26/2019,13.8,16.1,18.3,24595.47917,,,,,,,,,
9/27/2019,11.5,14.1,16.6,24282.66667,,,,,,,,,
9/28/2019,10.4,14,17.6,21634.85417,,,,,,,,,
9/29/2019,12,14.6,17.2,22281.5,,,,,,,,,
9/30/2019,8.8,12.5,16.3,26775.64583,,,,,,,,,
10/1/2019,11.7,13.9,16.1,26217.45833,,,,,,,,,
10/2/2019,3.3,8.1,12.9,26323.58333,,,,,,,,,
10/3/2019,1.6,7.3,13,28119.0625,,,,,,,,,
10/4/2019,6.2,10.8,15.5,26682.85417,,,,,,,,,
10/5/2019,9.2,12,14.8,24452.0625,,,,,,,,,
10/6/2019,10.6,13.1,15.7,22867.91667,,,,,,,,,
10/7/2019,8.7,11.3,13.9,27643.52083,,,,,,,,,
10/8/2019,9.7,12.8,15.8,25941.5,,,,,,,,,
10/9/2019,8.9,11.4,14,26525.83333,,,,,,,,,
10/10/2019,7.7,11.2,14.8,26153.25,,,,,,,,,
10/11/2019,11.8,13.5,15.3,26626.54167,,,,,,,,,
10/12/2019,9.3,11.8,14.3,25081.16667,,,,,,,,,
10/13/2019,9.8,11.9,14.1,24785.625,,,,,,,,,
10/14/2019,7.5,10.6,13.7,28761.08333,,,,,,,,,
10/15/2019,8.7,11.4,14.2,28346.33333,,,,,,,,,
10/16/2019,8.7,11.6,14.4,27622.5625,,,,,,,,,
10/17/2019,5,9.5,14,28006,,,,,,,,,
10/18/2019,7.4,9.9,12.5,27415.79167,,,,,,,,,
10/19/2019,7.3,10.6,14,25035.25,,,,,,,,,
10/20/2019,5.3,8.3,11.4,24139.77083,,,,,,,,,
10/21/2019,7.9,10,12.1,28917.27083,,,,,,,,,
10/22/2019,4.5,9,13.5,29009.16667,,,,,,,,,
10/23/2019,3.4,7.9,12.5,29331.95833,,,,,,,,,
10/24/2019,6.6,9.7,12.9,29177.125,,,,,,,,,
10/25/2019,6,9.7,13.4,28569.45833,,,,,,,,,
10/26/2019,7.6,9.1,10.6,26202.875,,,,,,,,,
10/27/2019,3.1,7.2,11.3,24815.54167,,,,,,,,,
10/28/2019,-0.2,4.6,9.3,30117.04167,,,,,,,,,
10/29/2019,2.2,6.3,10.4,29951.08333,,,,,,,,,
10/30/2019,3,7,11.1,29547.375,,,,,,,,,
10/31/2019,3.5,7.6,11.8,30366.29167,,,,,,,,,
11/1/2019,5.9,10.2,14.4,29301.77083,,,,,,,,,
11/2/2019,8.2,9.7,11.2,26032.02083,,,,,,,,,
11/3/2019,5.5,8.4,11.2,26391.125,,,,,,,,,
11/4/2019,5.8,8.5,11.2,30312.91667,,,,,,,,,
11/5/2019,6.5,8.8,11.1,30147.625,,,,,,,,,
11/6/2019,1.4,4.7,7.9,31537.66667,,,,,,,,,
11/7/2019,3.7,6.6,9.4,31099.58333,,,,,,,,,
11/8/2019,2,4.9,7.8,30901.625,,,,,,,,,
11/9/2019,-1,2.4,5.7,29663.16667,,,,,,,,,
11/10/2019,1.1,5,8.9,27704.625,,,,,,,,,
11/11/2019,2.2,5.5,8.8,30299.20833,,,,,,,,,
11/12/2019,3.2,5.5,7.8,31091.64583,,,,,,,,,
11/13/2019,1.5,5,8.5,32038.70833,,,,,,,,,
11/14/2019,2.5,4.5,6.4,32261.39583,,,,,,,,,
11/15/2019,3.4,5.9,8.5,31660.1875,,,,,,,,,
11/16/2019,4.5,6.7,9,29102.22917,,,,,,,,,
11/17/2019,3.1,5.8,8.4,28894.64583,,,,,,,,,
11/18/2019,1.7,4.8,7.9,31913.3125,,,,,,,,,
11/19/2019,-2.4,2.2,6.7,33864.77083,,,,,,,,,
11/20/2019,-0.8,3.3,7.5,32691.1875,,,,,,,,,
11/21/2019,2.7,4.6,6.5,33330.89583,,,,,,,,,
11/22/2019,3.5,6.2,8.9,32025,,,,,,,,,
11/23/2019,6.1,7.8,9.4,28753.16667,,,,,,,,,
11/24/2019,7.1,8.6,10.1,28614.625,,,,,,,,,
11/25/2019,7.5,9.5,11.4,31469.875,,,,,,,,,
11/26/2019,8.7,10.8,12.9,31256.3125,,,,,,,,,
11/27/2019,7.4,8.9,10.3,31597.89583,,,,,,,,,
11/28/2019,6.7,7.7,8.7,31434.6875,,,,,,,,,
11/29/2019,-0.6,2.9,6.3,32043.29167,,,,,,,,,
11/30/2019,-1.8,1.9,5.7,30236.60417,,,,,,,,,
12/1/2019,-0.9,2.5,5.9,29728.41667,,,,,,,,,
12/2/2019,-2.5,1.5,5.5,33888.125,,,,,,,,,
12/3/2019,-0.4,3.8,8,33483.27083,,,,,,,,,
12/4/2019,0,4.2,8.3,33708.0625,,,,,,,,,
12/5/2019,0.8,5.9,11,32703.29167,,,,,,,,,
12/6/2019,3.9,8,12.2,30240.60417,,,,,,,,,
12/7/2019,7,9.1,11.2,27481.16667,,,,,,,,,
12/8/2019,7.3,8.3,9.3,25738.54167,,,,,,,,,
12/9/2019,5,6.6,8.3,30906.75,,,,,,,,,
12/10/2019,0.8,6.3,11.9,32033.77083,,,,,,,,,
12/11/2019,2.6,4.7,6.9,32715.29167,,,,,,,,,
12/12/2019,0.4,4.1,7.9,33333.77083,,,,,,,,,
12/13/2019,3.8,5.7,7.6,31567.91667,,,,,,,,,
12/14/2019,3.4,5,6.6,28262.79167,,,,,,,,,
12/15/2019,2.4,4.8,7.3,28059.52083,,,,,,,,,
12/16/2019,3.3,5.1,7,32635.41667,,,,,,,,,
12/17/2019,2,3.6,5.2,33985.29167,,,,,,,,,
12/18/2019,-0.2,5.5,11.2,32994.79167,,,,,,,,,
12/19/2019,1.5,6.8,12.1,30926.70833,,,,,,,,,
12/20/2019,7.1,7.7,8.2,31133.83333,,,,,,,,,
12/21/2019,3.4,6.2,9.1,28303.58333,,,,,,,,,
12/22/2019,5.5,6.9,8.3,27178.22917,,,,,,,,,
12/23/2019,4.8,7,9.3,28506.02083,,,,,,,,,
12/24/2019,5.4,7.7,9.9,27261.85417,,,,,,,,,
12/25/2019,2.9,5.4,8,24967.20833,,,,,,,,,
12/26/2019,1.4,4.3,7.2,25078.6875,,,,,,,,,
12/27/2019,3.9,6.2,8.4,28055.52083,,,,,,,,,
12/28/2019,4.9,7.1,9.4,26781.54167,,,,,,,,,
12/29/2019,6.6,7.9,9.1,25875.14583,,,,,,,,,
12/30/2019,3.5,6.3,9.2,27736.95833,,,,,,,,,
12/31/2019,2.6,5.2,7.8,28006.54167,,,,,,,,,
1/1/2020,3.1,5.2,7.2,26636.64583,,,,,,,,,
1/2/2020,3.7,7,10.3,29044.20833,,,,,,,,,
1/3/2020,5.4,6.8,8.3,29507.02083,,,,,,,,,
1/4/2020,3.3,6,8.6,27515.14583,,,,,,,,,
1/5/2020,4.9,6.7,8.5,27391.875,,,,,,,,,
1/6/2020,6.4,7.7,9,29621.60417,,,,,,,,,
1/7/2020,4.4,8.6,12.8,30507.5,,,,,,,,,
1/8/2020,7.5,9.4,11.3,30946.72917,,,,,,,,,
1/9/2020,5.9,8.1,10.2,30642.14583,,,,,,,,,
1/10/2020,2.6,5.8,9.1,30888.77083,,,,,,,,,
1/11/2020,2.4,6.6,10.8,26531.41667,,,,,,,,,
1/12/2020,7.1,8.2,9.3,26746.1875,,,,,,,,,
1/13/2020,3.7,6.5,9.3,30612,,,,,,,,,
1/14/2020,5.1,8.6,12.2,30864.375,,,,,,,,,
1/15/2020,5.5,7.1,8.7,30602.125,,,,,,,,,
1/16/2020,4.7,8,11.4,30767.64583,,,,,,,,,
1/17/2020,6,6.6,7.2,31210.14583,,,,,,,,,
1/18/2020,1.2,4.1,7.1,28988.66667,,,,,,,,,
1/19/2020,-1.4,2.1,5.5,29612.54167,,,,,,,,,
1/20/2020,-1.5,2.7,7,33358.16667,,,,,,,,,
1/21/2020,-0.4,3.4,7.2,33704.27083,,,,,,,,,
1/22/2020,1.4,4.7,8.1,33521.47917,,,,,,,,,
1/23/2020,5.2,6.3,7.4,33567.47917,,,,,,,,,
1/24/2020,5,5.9,6.9,32929.5625,,,,,,,,,
1/25/2020,4.9,6.1,7.3,29708.77083,,,,,,,,,
1/26/2020,5.1,7,9,27952.39583,,,,,,,,,
1/27/2020,4.4,5.9,7.4,31559.6875,,,,,,,,,
1/28/2020,1.3,4.1,6.8,31357.72917,,,,,,,,,
1/29/2020,1.7,5.6,9.4,31121.41667,,,,,,,,,
1/30/2020,3.7,7.6,11.6,31067.125,,,,,,,,,
1/31/2020,7.4,9.4,11.5,29379.02083,,,,,,,,,
2/1/2020,8.2,9.1,10.1,25238.79167,,,,,,,,,
2/2/2020,5.1,8,10.9,26391.60417,,,,,,,,,
2/3/2020,6.2,7.6,8.9,29361.64583,,,,,,,,,
2/4/2020,3.1,6.2,9.3,30596.41667,,,,,,,,,
2/5/2020,2,5.2,8.4,32418.14583,,,,,,,,,
2/6/2020,-0.7,4,8.7,32186.85417,,,,,,,,,
2/7/2020,-0.5,4.6,9.7,30653.5,,,,,,,,,
2/8/2020,2.3,7,11.8,25875.5,,,,,,,,,
2/9/2020,5.6,9,12.4,26455.125,,,,,,,,,
2/10/2020,3.8,5.5,7.2,30121.58333,,,,,,,,,
2/11/2020,1.7,3.8,5.9,30549,,,,,,,,,
2/12/2020,2.4,5,7.7,31024.66667,2,4.5,7,1,3,5,1,3,5
2/13/2020,3.2,5.9,8.6,31617.54167,-1,2,5,-2,1.5,5,-1,2,5
2/14/2020,1.8,6.3,10.8,31042.22917,3,5,7,2,4.5,7,2,4,6
2/15/2020,4.1,8.2,12.2,27205.8125,7,9.5,12,6,9,12,7,9.5,12
2/16/2020,7.1,8,8.8,25954.5625,4,6,8,4,5.5,7,3,5,7
2/17/2020,4.2,6.8,9.5,29265.70833,4,7,10,4,6,8,4,5.5,7
2/18/2020,3.7,6.4,9.1,30158.91667,4,7.5,11,4,6,8,4,6.5,9
2/19/2020,3.1,6.3,9.5,31402.375,8,8.5,9,8,8.5,9,9,9,9
2/20/2020,4.2,6.9,9.7,30167.10417,3,7,11,4,7.5,11,4,7.5,11
2/21/2020,3.5,7,10.5,29856.89583,9,10,11,8,9,10,9,10,11
2/22/2020,6.9,9,11.1,25664.9375,9,10,11,9,10,11,7,8.5,10
2/23/2020,6.5,8.5,10.4,26056.72917,9,11,13,8,9.5,11,7,8.5,10
2/24/2020,4.2,8,11.8,30116.20833,6,10,14,6,9.5,13,5,8.5,12
2/25/2020,2.9,5.2,7.4,30510.5625,2,4,6,2,4.5,7,2,4,6
2/26/2020,1.5,4.3,7.1,31136.45833,3,5.5,8,3,5.5,8,1,3.5,6
2/27/2020,1.5,4.5,7.4,31381.8542,1,4,7,2,5,8,2,4,6
2/28/2020,9,5.6,10.4,32045.7292,8,10,12,6,9.5,13,6,7.5,9
2/29/2020,3.2,5.7,8.2,25985.0625,4,6.5,9,4,5.5,7,3,5,7
3/1/2020,2.5,5.3,8.2,25591.64583,4,7,10,4,6.5,9,3,6,9
3/2/2020,0.7,4.6,8.5,30753.70833,2,5.5,9,4,6,8,2,4.5,7
3/3/2020,1.8,5.3,8.7,31300.83333,0,4.5,9,2,5.5,9,0,4,8
3/4/2020,1.2,4.1,7.1,32614.16667,6,7.5,9,4,6,8,1,4.5,8
3/5/2020,2.3,4.6,6.8,33012.45833,1,4.5,8,1,4.5,8,-1,3.5,8
3/6/2020,-1.7,3.9,9.5,30921.45833,2,6,10,2,5,8,2,5.5,9
3/7/2020,1.8,6.9,12,26750.8125,9,11,13,7,10,13,7,10,13
3/8/2020,6.3,8.8,11.3,24446.22917,5,8.5,12,5,7.5,10,5,7.5,10
3/9/2020,5.6,8,11.4,29409.77083,8,10,12,6,7.5,9,6,7.5,9
3/10/2020,3.8,9.5,13,28537.25,9,12,15,8,10.5,13,4,8.5,13
3/11/2020,5.6,9,12.4,27706.3333,4,9,14,4,8,12,3,7,11
3/12/2020,2.5,5.8,9.5,27444.41666,6,8,10,5,6.5,8,3,6,9
3/13/2020,3.6,7.1,10.7,29577.4375,6,8.5,11,6,8,10,3,5.5,8
3/14/2020,5.5,8.5,11.4,26263.64583,8,10.5,13,8,9.5,11,8,10,12
3/15/2020,7.4,8.5,9.5,25422.4375,9,12,15,9,10,11,8,10.5,13
3/16/2020,1.8,6.3,10.8,28355.91667,4,8,12,5,8,11,7,9,11
3/17/2020,5.6,9.2,12.5,28129.4375,8,11.5,15,9,11.5,14,6,10,14
3/18/2020,5.1,8.5,11.4,29714.22917,7,10.5,14,4,8.5,13,1,4.5,8
3/19/2020,7.1,8.5,9.5,30231.89583,5,6.5,8,4,5.5,7,2,5.5,9
3/20/2020,2.5,6.3,10.8,28020.6875,3,6,9,2,4.5,7,1,3.5,6
3/21/2020,4.8,9.4,13.2,23768.0625,2,6,10,1,4.5,8,1,4.5,8
3/22/2020,7.5,8.2,9.1,23653.625,4,6.5,9,3,5.5,8,2,5,8
3/23/2020,3.4,6,7.7,26579.875,3,7,11,2,6,10,2,6.5,11
3/24/2020,3.4,6.5,9.5,25158.75,1,6.5,12,1,6,11,1,6,11
3/25/2020,2.1,6.5,9.9,24534.0625,2,6.5,11,2,6,10,2,5.5,9
3/26/2020,0.8,5.9,10.8,24191.8125,1,7,13,-1,6.5,14,-1,6,13
3/27/2020,-0.3,6.1,12.7,23257.75,4,9,14,2,7.5,13,3,7.5,12
3/28/2020,1.2,8.6,15.3,21688.625,3,8,13,2,7.5,13,2,5.5,9
3/29/2020,1.1,9.3,15.5,21771.6875,3,6.5,10,3,7.5,12,3,5.5,8
3/30/2020,0.3,7,14.1,25639.27083,3,7,11,4,7,10,4,6.5,9
3/31/2020,-0.1,6.1,12.3,26066.10417,1,6,11,2,6.5,11,3,7,11
4/1/2020,3.1,6.4,10.4,26426.10417,3,6.5,10,4,7,10,6,7.5,9
4/2/2020,1.6,5,8.1,23802.60417,4,8.5,13,4,8,12,1,6.5,12
4/3/2020,0.8,5,9.2,24155.47917,3,7.5,12,4,8,12,4,7,10
4/4/2020,2.4,6.6,10.2,21136.3125,8,12,16,8,11,14,6,10,14
4/5/2020,0.8,6.2,9.2,18944.45833,7,11.5,16,7,9.5,12,4,8.5,13
4/6/2020,4.3,8.9,11.9,21390.60417,7,10.5,14,6,9.5,13,5,8.5,12
4/7/2020,4.4,8.5,11.9,21933.52083,6,10.5,15,5,9,13,2,6.5,11
4/8/2020,2.3,8.9,14.6,21893.25,7,10.5,14,4,7.5,11,3,8,13
4/9/2020,5.7,12.1,19.4,20978.89583,8,13,18,5,8.5,12,4,9,14
4/10/2020,9.2,11.9,14.6,19465.22917,6,11,16,6,10,14,5,9,13
4/11/2020,1.8,9.8,17,18900.1875,6,11.5,17,7,11.5,16,4,8,12
4/12/2020,6.2,13.8,19.9,18774.33333,8,11,14,8,11.5,15,3,8.5,14
4/13/2020,6.3,13,19.2,18374.8125,6,10,14,8,10,12,2,7,12
4/14/2020,6.1,15.1,22.4,21415.6875,9,12.5,16,9,11.5,14,5,8,11
4/15/2020,7.7,15.3,21.4,20932.25,9,12,15,7,11,15,6,10,14
4/16/2020,6.4,13.7,19.7,20651.91667,8,13,18,6,9.5,13,6,10.5,15
4/17/2020,4.9,8,10.3,20799.83333,7,11.5,16,6,9,12,5,9.5,14
4/18/2020,-0.3,6.2,12.6,21556.95833,6,11,16,8,11,14,4,8.5,13
4/19/2020,-0.1,9.6,17.2,18633.95833,8,13,18,7,12,17,4,10,16
4/20/2020,2.3,11.3,19.1,18999.5,9,12.5,16,8,13,18,6,10,14
4/21/2020,7.3,10.8,13.4,18999.9375,9,13,17,8,14,20,6,11,16
4/22/2020,5.1,8.1,10.5,19595.4375,8,14,20,6,14,22,4,10.5,17
4/23/2020,5.1,10.7,15.8,20438.6875,7,15,23,8,15.5,23,5,12,19
4/24/2020,3.7,9.9,16.3,20185.41304,7,14.5,22,9,15,21,3,11,19
4/25/2020,5.7,11.6,17.7,19103.89583,6,12,18,8,13.5,19,8,13.5,19
4/26/2020,4.8,12.5,19.5,19061.41667,5,10.5,16,7,12.5,18,7,11,15
4/27/2020,5.3,12.6,20.2,21667.08333,5,10.5,16,7,11,15,5,8.5,12
4/28/2020,4.9,12.6,19.9,24053.9375,6,9,12,6,8.5,11,5,7.5,10
4/29/2020,4.4,11.7,17.6,22925.3125,7,10.5,14,6,9.5,13,6,8.5,11
4/30/2020,3.7,12.4,18.2,22257.22917,7,9.5,12,7,9.5,12,6,9.5,13
5/1/2020,6.8,11.1,14.2,21424.83333,6,9,12,5,9.5,14,7,10.5,14
5/2/2020,6.3,8.3,9.5,19572.45833,6,10,14,5,10,15,8,11,14
5/3/2020,5.4,9.1,12.4,21039.77083,9,12.5,16,9,12.5,16,7,11.5,16
5/4/2020,5.6,8.8,11.7,20939.875,7,12.5,18,7,13,19,4,8.5,13
5/5/2020,5.7,9.9,14,20307.45833,8,14,20,9,13.5,18,6,10.5,15
5/6/2020,4.4,9.8,15.2,20412.35417,8,15,22,8,14,20,6,12,18
5/7/2020,5.8,10.3,14.8,20450.33333,10,16.5,23,10,16.5,23,9,15.5,22
5/8/2020,7.1,11.7,16.4,18909,11,17,23,11,16.5,22,9,15.5,22
5/9/2020,5.8,10.5,15.1,17853.95833,12,18,24,12,18,24,8,15.5,23
5/10/2020,3.1,10.5,17.8,18591.54167,3,6.5,10,2,6,10,2,5.5,9
5/11/2020,5,12.9,20.8,20083.08333,3,7,11,2,7,12,3,6,9
5/12/2020,9.3,15.1,20.9,21945.29167,6,10.5,15,4,9,14,3,8,13
5/13/2020,8.9,16.1,23.3,21674.58333,4,8,12,2,7.5,13,1,5.5,10
5/14/2020,9.2,10.9,12.5,21415.08333,4,9,14,4,10,16,6,10.5,15
5/15/2020,2.3,6.9,11.5,19264.10417,7,12.5,18,6,11.5,17,6,11,16
5/16/2020,5.9,10.8,15.7,18385.47917,8,13,18,7,12,17,8,11,14
5/17/2020,8.2,13,17.8,19895.3125,9,14.5,20,8,12.5,17,11,14,17
5/18/2020,9.8,13.5,17.2,20745.77083,11,17,23,11,14.5,18,12,15,18
5/19/2020,11.3,16,20.7,20388.375,12,18.5,25,11,16.5,22,12,18.5,25
5/20/2020,9.1,16.8,24.6,20344.91667,14,20.5,27,12,19,26,12,19.5,27
5/21/2020,10.4,16,21.7,5825.416667,16,21.5,27,13,18,23,14,17.5,21
5/22/2020,,,,,11,16.5,22,11,14.5,18,10,14.5,19
5/23/2020,,,,,11,14.5,18,11,13.5,16,12,14,16